"","FirstFound","LastPresent","LastChecked","Fate","Freq","init","AgeDay1","Year","id_yrNest","Init_year","Init_center"
"1",1,27,27,0,1,141,2,1994,"1994ADS001",145.923076923077,4.92307692307693
"2",3,26,26,0,1,143,0,1994,"1994ADS002",145.923076923077,2.92307692307693
"3",4,27,27,0,1,141,2,1994,"1994ADS003",145.923076923077,4.92307692307693
"4",4,20,20,0,1,141,2,1994,"1994ADS004",145.923076923077,4.92307692307693
"5",5,27,27,0,1,145,-2,1994,"1994ADS008",145.923076923077,0.923076923076934
"6",8,24,24,0,1,145,-2,1994,"1994ADS014",145.923076923077,0.923076923076934
"7",8,29,29,0,1,145,-2,1994,"1994ADS017",145.923076923077,0.923076923076934
"8",8,30,30,0,1,148,-5,1994,"1994ADS022",145.923076923077,-2.07692307692307
"9",13,34,34,0,1,147,-4,1994,"1994ADS030",145.923076923077,-1.07692307692307
"10",14,36,36,0,1,151,-8,1994,"1994ADS031",145.923076923077,-5.07692307692307
"11",4,31,31,0,1,148,-5,1994,"1994ADS032",145.923076923077,-2.07692307692307
"12",15,31,31,0,1,139,4,1994,"1994ADS036",145.923076923077,6.92307692307693
"13",15,31,31,0,1,146,-3,1994,"1994ADS037",145.923076923077,-0.076923076923066
"14",16,27,27,0,1,140,3,1994,"1994KSB001",145.923076923077,5.92307692307693
"15",16,30,30,0,1,140,3,1994,"1994KSB002",145.923076923077,5.92307692307693
"16",18,36,36,0,1,154,-11,1994,"1994KSB005",145.923076923077,-8.07692307692307
"17",18,29,29,0,1,147,-4,1994,"1994KSB006",145.923076923077,-1.07692307692307
"18",26,32,32,0,1,147,-4,1994,"1994KSB011",145.923076923077,-1.07692307692307
"19",27,39,39,0,1,151,-8,1994,"1994KSB014",145.923076923077,-5.07692307692307
"20",29,32,32,0,1,150,-7,1994,"1994KSB017",145.923076923077,-4.07692307692307
"21",24,47,47,0,1,155,-12,1994,"1994TDB002",145.923076923077,-9.07692307692307
"22",1,24,24,0,1,141,2,1994,"1994TLM004",145.923076923077,4.92307692307693
"23",2,26,26,0,1,142,1,1994,"1994TLM007",145.923076923077,3.92307692307693
"24",3,24,24,0,1,140,3,1994,"1994TLM012",145.923076923077,5.92307692307693
"25",3,28,28,0,1,143,0,1994,"1994TLM014",145.923076923077,2.92307692307693
"26",4,27,27,0,1,141,2,1994,"1994TLM016",145.923076923077,4.92307692307693
"27",4,25,25,0,1,141,2,1994,"1994TLM017",145.923076923077,4.92307692307693
"28",6,28,28,0,1,143,0,1994,"1994TLM021",145.923076923077,2.92307692307693
"29",6,29,29,0,1,143,0,1994,"1994TLM023",145.923076923077,2.92307692307693
"30",6,18,18,0,1,140,3,1994,"1994TLM026",145.923076923077,5.92307692307693
"31",7,31,31,0,1,147,-4,1994,"1994TLM029",145.923076923077,-1.07692307692307
"32",8,30,30,0,1,145,-2,1994,"1994TLM031",145.923076923077,0.923076923076934
"33",8,24,24,0,1,145,-2,1994,"1994TLM033",145.923076923077,0.923076923076934
"34",8,28,28,0,1,145,-2,1994,"1994TLM042",145.923076923077,0.923076923076934
"35",8,30,30,0,1,145,-2,1994,"1994TLM043",145.923076923077,0.923076923076934
"36",9,20,20,0,1,133,10,1994,"1994TLM045",145.923076923077,12.9230769230769
"37",9,27,27,0,1,143,0,1994,"1994TLM047",145.923076923077,2.92307692307693
"38",10,23,23,0,1,144,-1,1994,"1994TLM051",145.923076923077,1.92307692307693
"39",11,34,34,0,1,151,-8,1994,"1994TLM052",145.923076923077,-5.07692307692307
"40",11,25,25,0,1,142,1,1994,"1994TLM053",145.923076923077,3.92307692307693
"41",12,33,33,0,1,152,-9,1994,"1994TLM067",145.923076923077,-6.07692307692307
"42",12,25,25,0,1,146,-3,1994,"1994TLM070",145.923076923077,-0.076923076923066
"43",13,29,29,0,1,147,-4,1994,"1994TLM071",145.923076923077,-1.07692307692307
"44",13,24,24,0,1,150,-7,1994,"1994TLM073",145.923076923077,-4.07692307692307
"45",13,29,29,0,1,144,-1,1994,"1994TLM074",145.923076923077,1.92307692307693
"46",14,26,26,0,1,145,-2,1994,"1994TLM075",145.923076923077,0.923076923076934
"47",14,29,29,0,1,148,-5,1994,"1994TLM078",145.923076923077,-2.07692307692307
"48",16,29,29,0,1,150,-7,1994,"1994TLM079",145.923076923077,-4.07692307692307
"49",17,29,29,0,1,148,-5,1994,"1994TLM082",145.923076923077,-2.07692307692307
"50",18,37,37,0,1,155,-12,1994,"1994TLM083",145.923076923077,-9.07692307692307
"51",18,24,24,0,1,142,1,1994,"1994TLM087",145.923076923077,3.92307692307693
"52",19,33,33,0,1,148,-5,1994,"1994TLM088",145.923076923077,-2.07692307692307
"53",19,21,21,0,1,138,5,1994,"1994TLM091",145.923076923077,7.92307692307693
"54",20,26,26,0,1,144,-1,1994,"1994TLM094",145.923076923077,1.92307692307693
"55",25,33,33,0,1,149,-6,1994,"1994TLM096",145.923076923077,-3.07692307692307
"56",26,28,28,0,1,146,-3,1994,"1994TLM097",145.923076923077,-0.076923076923066
"57",5,25,27,1,1,142,1,1994,"1994ADS010",145.923076923077,3.92307692307693
"58",13,13,23,1,1,153,-10,1994,"1994ADS027",145.923076923077,-7.07692307692307
"59",13,13,23,1,1,150,-7,1994,"1994ADS028",145.923076923077,-4.07692307692307
"60",13,23,33,1,1,150,-7,1994,"1994ADS029",145.923076923077,-4.07692307692307
"61",15,32,36,1,1,152,-9,1994,"1994ADS035",145.923076923077,-6.07692307692307
"62",16,31,36,1,1,147,-4,1994,"1994ADS040",145.923076923077,-1.07692307692307
"63",20,20,26,1,1,144,-1,1994,"1994ADS044",145.923076923077,1.92307692307693
"64",24,31,33,1,1,158,-15,1994,"1994ADS046",145.923076923077,-12.0769230769231
"65",25,32,33,1,1,149,-6,1994,"1994KSB009",145.923076923077,-3.07692307692307
"66",21,31,37,1,1,155,-12,1994,"1994TDB001",145.923076923077,-9.07692307692307
"67",24,34,36,1,1,155,-12,1994,"1994TDB003",145.923076923077,-9.07692307692307
"68",1,1,11,1,1,141,2,1994,"1994TLM003",145.923076923077,4.92307692307693
"69",2,2,12,1,1,142,1,1994,"1994TLM006",145.923076923077,3.92307692307693
"70",6,26,29,1,1,146,-3,1994,"1994TLM019",145.923076923077,-0.076923076923066
"71",7,7,24,1,1,141,2,1994,"1994TLM028",145.923076923077,4.92307692307693
"72",8,8,18,1,1,142,1,1994,"1994TLM032",145.923076923077,3.92307692307693
"73",9,29,31,1,1,146,-3,1994,"1994TLM046",145.923076923077,-0.076923076923066
"74",12,12,22,1,1,152,-9,1994,"1994TLM054",145.923076923077,-6.07692307692307
"75",16,16,26,1,1,140,3,1994,"1994TLM080",145.923076923077,5.92307692307693
"76",34,36,37,1,1,156,-13,1994,"1994TLM099",145.923076923077,-10.0769230769231
"77",19,32,32,0,1,150,-7,1994,"1994KSB007",145.923076923077,-4.07692307692307
"78",1,24,24,0,1,141,2,1994,"1994TLM001",145.923076923077,4.92307692307693
"79",1,24,24,0,1,143,2,1995,"1995MRB003",147.690721649485,4.69072164948454
"80",1,21,21,0,1,140,5,1995,"1995MRB004",147.690721649485,7.69072164948454
"81",2,22,22,0,1,144,1,1995,"1995MRB007",147.690721649485,3.69072164948454
"82",4,27,27,0,1,146,-1,1995,"1995MRB010",147.690721649485,1.69072164948454
"83",4,26,26,0,1,143,2,1995,"1995MRB011",147.690721649485,4.69072164948454
"84",4,25,25,0,1,146,-1,1995,"1995MRB012",147.690721649485,1.69072164948454
"85",5,27,27,0,1,147,-2,1995,"1995MRB014",147.690721649485,0.690721649484544
"86",5,23,23,0,1,141,4,1995,"1995MRB016",147.690721649485,6.69072164948454
"87",6,28,28,0,1,148,-3,1995,"1995MRB019",147.690721649485,-0.309278350515456
"88",7,23,23,0,1,140,5,1995,"1995MRB021",147.690721649485,7.69072164948454
"89",8,21,21,0,1,141,4,1995,"1995MRB025",147.690721649485,6.69072164948454
"90",9,25,25,0,1,144,1,1995,"1995MRB030",147.690721649485,3.69072164948454
"91",9,24,24,0,1,144,1,1995,"1995MRB033",147.690721649485,3.69072164948454
"92",10,26,26,0,1,146,-1,1995,"1995MRB034",147.690721649485,1.69072164948454
"93",10,24,24,0,1,143,2,1995,"1995MRB036",147.690721649485,4.69072164948454
"94",10,23,23,0,1,146,-1,1995,"1995MRB040",147.690721649485,1.69072164948454
"95",11,25,25,0,1,147,-2,1995,"1995MRB041",147.690721649485,0.690721649484544
"96",11,25,25,0,1,144,1,1995,"1995MRB042",147.690721649485,3.69072164948454
"97",14,28,28,0,1,149,-4,1995,"1995MRB049",147.690721649485,-1.30927835051546
"98",14,38,38,0,1,156,-11,1995,"1995MRB050",147.690721649485,-8.30927835051546
"99",15,29,29,0,1,148,-3,1995,"1995MRB051",147.690721649485,-0.309278350515456
"100",15,33,33,0,1,151,-6,1995,"1995MRB052",147.690721649485,-3.30927835051546
"101",15,36,36,0,1,157,-12,1995,"1995MRB053",147.690721649485,-9.30927835051546
"102",15,32,32,0,1,151,-6,1995,"1995MRB054",147.690721649485,-3.30927835051546
"103",15,33,33,0,1,154,-9,1995,"1995MRB055",147.690721649485,-6.30927835051546
"104",19,30,30,0,1,148,-3,1995,"1995MRB061",147.690721649485,-0.309278350515456
"105",20,34,34,0,1,153,-8,1995,"1995MRB063",147.690721649485,-5.30927835051546
"106",23,31,31,0,1,146,-1,1995,"1995MRB065",147.690721649485,1.69072164948454
"107",24,28,28,0,1,147,-2,1995,"1995MRB067",147.690721649485,0.690721649484544
"108",32,36,36,0,1,155,-10,1995,"1995MRB071",147.690721649485,-7.30927835051546
"109",1,24,24,0,1,143,2,1995,"1995TLM007",147.690721649485,4.69072164948454
"110",3,24,24,0,1,142,3,1995,"1995TLM018",147.690721649485,5.69072164948454
"111",5,27,27,0,1,144,1,1995,"1995TLM026",147.690721649485,3.69072164948454
"112",5,21,21,0,1,141,4,1995,"1995TLM029",147.690721649485,6.69072164948454
"113",6,26,26,0,1,145,0,1995,"1995TLM030",147.690721649485,2.69072164948454
"114",6,19,19,0,1,142,3,1995,"1995TLM031",147.690721649485,5.69072164948454
"115",8,23,23,0,1,144,1,1995,"1995TLM039",147.690721649485,3.69072164948454
"116",8,27,27,0,1,146,-1,1995,"1995TLM040",147.690721649485,1.69072164948454
"117",9,23,23,0,1,144,1,1995,"1995TLM043",147.690721649485,3.69072164948454
"118",9,24,24,0,1,145,0,1995,"1995TLM044",147.690721649485,2.69072164948454
"119",9,27,27,0,1,148,-3,1995,"1995TLM045",147.690721649485,-0.309278350515456
"120",9,26,26,0,1,145,0,1995,"1995TLM046",147.690721649485,2.69072164948454
"121",9,26,26,0,1,145,0,1995,"1995TLM048",147.690721649485,2.69072164948454
"122",9,26,26,0,1,147,-2,1995,"1995TLM051",147.690721649485,0.690721649484544
"123",9,25,25,0,1,145,0,1995,"1995TLM052",147.690721649485,2.69072164948454
"124",10,31,31,0,1,152,-7,1995,"1995TLM056",147.690721649485,-4.30927835051546
"125",10,26,26,0,1,144,1,1995,"1995TLM057",147.690721649485,3.69072164948454
"126",10,21,21,0,1,139,6,1995,"1995TLM058",147.690721649485,8.69072164948454
"127",10,30,30,0,1,152,-7,1995,"1995TLM059",147.690721649485,-4.30927835051546
"128",10,24,24,0,1,143,2,1995,"1995TLM060",147.690721649485,4.69072164948454
"129",10,25,25,0,1,143,2,1995,"1995TLM061",147.690721649485,4.69072164948454
"130",11,35,35,0,1,153,-8,1995,"1995TLM062",147.690721649485,-5.30927835051546
"131",11,25,25,0,1,144,1,1995,"1995TLM064",147.690721649485,3.69072164948454
"132",11,30,30,0,1,152,-7,1995,"1995TLM065",147.690721649485,-4.30927835051546
"133",11,31,31,0,1,152,-7,1995,"1995TLM067",147.690721649485,-4.30927835051546
"134",11,28,28,0,1,144,1,1995,"1995TLM069",147.690721649485,3.69072164948454
"135",12,28,28,0,1,148,-3,1995,"1995TLM071",147.690721649485,-0.309278350515456
"136",12,32,32,0,1,154,-9,1995,"1995TLM072",147.690721649485,-6.30927835051546
"137",13,33,33,0,1,155,-10,1995,"1995TLM073",147.690721649485,-7.30927835051546
"138",13,33,33,0,1,155,-10,1995,"1995TLM075",147.690721649485,-7.30927835051546
"139",13,29,29,0,1,146,-1,1995,"1995TLM076",147.690721649485,1.69072164948454
"140",15,25,25,0,1,138,7,1995,"1995TLM078",147.690721649485,9.69072164948454
"141",17,31,31,0,1,153,-8,1995,"1995TLM081",147.690721649485,-5.30927835051546
"142",17,28,28,0,1,150,-5,1995,"1995TLM084",147.690721649485,-2.30927835051546
"143",19,32,32,0,1,152,-7,1995,"1995TLM089",147.690721649485,-4.30927835051546
"144",19,36,36,0,1,155,-10,1995,"1995TLM090",147.690721649485,-7.30927835051546
"145",19,27,27,0,1,142,3,1995,"1995TLM091",147.690721649485,5.69072164948454
"146",22,26,26,0,1,145,0,1995,"1995TLM094",147.690721649485,2.69072164948454
"147",25,34,34,0,1,151,-6,1995,"1995TLM096",147.690721649485,-3.30927835051546
"148",26,34,34,0,1,152,-7,1995,"1995TLM098",147.690721649485,-4.30927835051546
"149",6,16,22,1,1,145,0,1995,"1995MRB017",147.690721649485,2.69072164948454
"150",7,7,17,1,1,149,-4,1995,"1995MRB022",147.690721649485,-1.30927835051546
"151",9,19,25,1,1,145,0,1995,"1995MRB027",147.690721649485,2.69072164948454
"152",9,19,25,1,1,135,10,1995,"1995MRB031",147.690721649485,12.6907216494845
"153",9,9,19,1,1,148,-3,1995,"1995MRB032",147.690721649485,-0.309278350515456
"154",10,20,30,1,1,152,-7,1995,"1995MRB037",147.690721649485,-4.30927835051546
"155",10,10,20,1,1,145,0,1995,"1995MRB039",147.690721649485,2.69072164948454
"156",15,31,33,1,1,151,-6,1995,"1995MRB056",147.690721649485,-3.30927835051546
"157",16,26,32,1,1,155,-10,1995,"1995MRB060",147.690721649485,-7.30927835051546
"158",19,25,28,1,1,145,0,1995,"1995MRB062",147.690721649485,2.69072164948454
"159",20,30,32,1,1,153,-8,1995,"1995MRB064",147.690721649485,-5.30927835051546
"160",2,12,22,1,1,144,1,1995,"1995TLM016",147.690721649485,3.69072164948454
"161",3,22,23,1,1,145,0,1995,"1995TLM017",147.690721649485,2.69072164948454
"162",3,13,23,1,1,145,0,1995,"1995TLM019",147.690721649485,2.69072164948454
"163",5,15,25,1,1,147,-2,1995,"1995TLM028",147.690721649485,0.690721649484544
"164",6,6,16,1,1,145,0,1995,"1995TLM032",147.690721649485,2.69072164948454
"165",8,8,18,1,1,146,-1,1995,"1995TLM034",147.690721649485,1.69072164948454
"166",11,11,21,1,1,144,1,1995,"1995TLM066",147.690721649485,3.69072164948454
"167",13,13,23,1,1,148,-3,1995,"1995TLM074",147.690721649485,-0.309278350515456
"168",16,16,26,1,1,158,-13,1995,"1995TLM079",147.690721649485,-10.3092783505155
"169",17,36,38,1,1,156,-11,1995,"1995TLM080",147.690721649485,-8.30927835051546
"170",17,17,27,1,1,156,-11,1995,"1995TLM082",147.690721649485,-8.30927835051546
"171",19,19,29,1,1,158,-13,1995,"1995TLM092",147.690721649485,-10.3092783505155
"172",25,25,31,1,1,151,-6,1995,"1995TLM097",147.690721649485,-3.30927835051546
"173",9,19,19,0,1,145,0,1995,"1995MRB029",147.690721649485,2.69072164948454
"174",22,35,35,0,1,164,-19,1995,"1995TLM093",147.690721649485,-16.3092783505155
"175",27,42,42,0,1,163,-18,1995,"1995TLM099",147.690721649485,-15.3092783505155
"176",5,27,27,0,1,134,1,1996,"1996EFS001",143.40350877193,9.40350877192984
"177",7,27,27,0,1,136,-1,1996,"1996EFS004",143.40350877193,7.40350877192984
"178",8,29,29,0,1,139,-4,1996,"1996EFS005",143.40350877193,4.40350877192984
"179",8,29,29,0,1,137,-2,1996,"1996EFS007",143.40350877193,6.40350877192984
"180",10,34,34,0,1,139,-4,1996,"1996EFS010",143.40350877193,4.40350877192984
"181",10,32,32,0,1,138,-3,1996,"1996EFS011",143.40350877193,5.40350877192984
"182",12,33,33,0,1,140,-5,1996,"1996EFS013",143.40350877193,3.40350877192984
"183",12,33,33,0,1,141,-6,1996,"1996EFS015",143.40350877193,2.40350877192984
"184",13,33,33,0,1,142,-7,1996,"1996EFS020",143.40350877193,1.40350877192984
"185",13,36,36,0,1,145,-10,1996,"1996EFS023",143.40350877193,-1.59649122807016
"186",13,36,36,0,1,144,-9,1996,"1996EFS024",143.40350877193,-0.596491228070164
"187",13,30,30,0,1,138,-3,1996,"1996EFS025",143.40350877193,5.40350877192984
"188",13,33,33,0,1,142,-7,1996,"1996EFS027",143.40350877193,1.40350877192984
"189",13,36,36,0,1,145,-10,1996,"1996EFS028",143.40350877193,-1.59649122807016
"190",13,33,33,0,1,145,-10,1996,"1996EFS029",143.40350877193,-1.59649122807016
"191",14,35,35,0,1,146,-11,1996,"1996EFS032",143.40350877193,-2.59649122807016
"192",14,35,35,0,1,146,-11,1996,"1996EFS035",143.40350877193,-2.59649122807016
"193",14,32,32,0,1,137,-2,1996,"1996EFS036",143.40350877193,6.40350877192984
"194",16,32,32,0,1,137,-2,1996,"1996EFS038",143.40350877193,6.40350877192984
"195",17,34,34,0,1,140,-5,1996,"1996EFS040",143.40350877193,3.40350877192984
"196",17,37,37,0,1,142,-7,1996,"1996EFS042",143.40350877193,1.40350877192984
"197",17,38,38,0,1,148,-13,1996,"1996EFS046",143.40350877193,-4.59649122807016
"198",17,33,33,0,1,143,-8,1996,"1996EFS049",143.40350877193,0.403508771929836
"199",18,39,39,0,1,150,-15,1996,"1996EFS051",143.40350877193,-6.59649122807016
"200",18,34,34,0,1,141,-6,1996,"1996EFS052",143.40350877193,2.40350877192984
"201",18,34,34,0,1,141,-6,1996,"1996EFS053",143.40350877193,2.40350877192984
"202",18,28,28,0,1,139,-4,1996,"1996EFS054",143.40350877193,4.40350877192984
"203",20,41,41,0,1,151,-16,1996,"1996EFS058",143.40350877193,-7.59649122807016
"204",20,35,35,0,1,146,-11,1996,"1996EFS060",143.40350877193,-2.59649122807016
"205",22,37,37,0,1,145,-10,1996,"1996EFS062",143.40350877193,-1.59649122807016
"206",23,36,36,0,1,146,-11,1996,"1996EFS066",143.40350877193,-2.59649122807016
"207",24,40,40,0,1,150,-15,1996,"1996EFS068",143.40350877193,-6.59649122807016
"208",25,28,28,0,1,138,-3,1996,"1996EFS070",143.40350877193,5.40350877192984
"209",25,28,28,0,1,138,-3,1996,"1996EFS071",143.40350877193,5.40350877192984
"210",27,39,39,0,1,143,-8,1996,"1996EFS072",143.40350877193,0.403508771929836
"211",27,30,30,0,1,140,-5,1996,"1996EFS073",143.40350877193,3.40350877192984
"212",27,32,32,0,1,140,-5,1996,"1996EFS074",143.40350877193,3.40350877192984
"213",1,28,28,0,1,133,2,1996,"1996TLM001",143.40350877193,10.4035087719298
"214",5,28,28,0,1,137,-2,1996,"1996TLM002",143.40350877193,6.40350877192984
"215",7,28,28,0,1,139,-4,1996,"1996TLM003",143.40350877193,4.40350877192984
"216",7,30,30,0,1,139,-4,1996,"1996TLM004",143.40350877193,4.40350877192984
"217",7,28,28,0,1,139,-4,1996,"1996TLM005",143.40350877193,4.40350877192984
"218",7,30,30,0,1,139,-4,1996,"1996TLM006",143.40350877193,4.40350877192984
"219",7,27,27,0,1,136,-1,1996,"1996TLM007",143.40350877193,7.40350877192984
"220",7,30,30,0,1,139,-4,1996,"1996TLM008",143.40350877193,4.40350877192984
"221",7,32,32,0,1,139,-4,1996,"1996TLM009",143.40350877193,4.40350877192984
"222",8,29,29,0,1,140,-5,1996,"1996TLM011",143.40350877193,3.40350877192984
"223",8,30,30,0,1,140,-5,1996,"1996TLM013",143.40350877193,3.40350877192984
"224",8,29,29,0,1,140,-5,1996,"1996TLM014",143.40350877193,3.40350877192984
"225",9,35,35,0,1,141,-6,1996,"1996TLM017",143.40350877193,2.40350877192984
"226",10,32,32,0,1,139,-4,1996,"1996TLM020",143.40350877193,4.40350877192984
"227",11,34,34,0,1,143,-8,1996,"1996TLM024",143.40350877193,0.403508771929836
"228",11,33,33,0,1,143,-8,1996,"1996TLM025",143.40350877193,0.403508771929836
"229",11,33,33,0,1,142,-7,1996,"1996TLM028",143.40350877193,1.40350877192984
"230",11,34,34,0,1,143,-8,1996,"1996TLM030",143.40350877193,0.403508771929836
"231",13,35,35,0,1,145,-10,1996,"1996TLM037",143.40350877193,-1.59649122807016
"232",13,35,35,0,1,144,-9,1996,"1996TLM040",143.40350877193,-0.596491228070164
"233",14,38,38,0,1,145,-10,1996,"1996TLM048",143.40350877193,-1.59649122807016
"234",14,38,38,0,1,146,-11,1996,"1996TLM049",143.40350877193,-2.59649122807016
"235",16,34,34,0,1,145,-10,1996,"1996TLM050",143.40350877193,-1.59649122807016
"236",16,35,35,0,1,145,-10,1996,"1996TLM051",143.40350877193,-1.59649122807016
"237",16,35,35,0,1,144,-9,1996,"1996TLM052",143.40350877193,-0.596491228070164
"238",16,38,38,0,1,148,-13,1996,"1996TLM053",143.40350877193,-4.59649122807016
"239",16,32,32,0,1,145,-10,1996,"1996TLM054",143.40350877193,-1.59649122807016
"240",17,32,32,0,1,143,-8,1996,"1996TLM056",143.40350877193,0.403508771929836
"241",17,32,32,0,1,143,-8,1996,"1996TLM058",143.40350877193,0.403508771929836
"242",17,40,40,0,1,149,-14,1996,"1996TLM060",143.40350877193,-5.59649122807016
"243",17,37,37,0,1,146,-11,1996,"1996TLM063",143.40350877193,-2.59649122807016
"244",18,33,33,0,1,141,-6,1996,"1996TLM067",143.40350877193,2.40350877192984
"245",18,31,31,0,1,144,-9,1996,"1996TLM069",143.40350877193,-0.596491228070164
"246",18,32,32,0,1,143,-8,1996,"1996TLM070",143.40350877193,0.403508771929836
"247",19,35,35,0,1,145,-10,1996,"1996TLM072",143.40350877193,-1.59649122807016
"248",19,30,30,0,1,145,-10,1996,"1996TLM073",143.40350877193,-1.59649122807016
"249",19,39,39,0,1,148,-13,1996,"1996TLM075",143.40350877193,-4.59649122807016
"250",20,41,41,0,1,149,-14,1996,"1996TLM080",143.40350877193,-5.59649122807016
"251",20,35,35,0,1,143,-8,1996,"1996TLM082",143.40350877193,0.403508771929836
"252",20,41,41,0,1,149,-14,1996,"1996TLM083",143.40350877193,-5.59649122807016
"253",20,41,41,0,1,152,-17,1996,"1996TLM084",143.40350877193,-8.59649122807016
"254",21,38,38,0,1,147,-12,1996,"1996TLM085",143.40350877193,-3.59649122807016
"255",21,34,34,0,1,144,-9,1996,"1996TLM086",143.40350877193,-0.596491228070164
"256",21,39,39,0,1,144,-9,1996,"1996TLM087",143.40350877193,-0.596491228070164
"257",21,41,41,0,1,147,-12,1996,"1996TLM088",143.40350877193,-3.59649122807016
"258",21,39,39,0,1,150,-15,1996,"1996TLM089",143.40350877193,-6.59649122807016
"259",23,41,41,0,1,155,-20,1996,"1996TLM094",143.40350877193,-11.5964912280702
"260",23,39,39,0,1,146,-11,1996,"1996TLM095",143.40350877193,-2.59649122807016
"261",24,42,42,0,1,153,-18,1996,"1996TLM096",143.40350877193,-9.59649122807016
"262",24,41,41,0,1,150,-15,1996,"1996TLM097",143.40350877193,-6.59649122807016
"263",24,39,39,0,1,147,-12,1996,"1996TLM098",143.40350877193,-3.59649122807016
"264",24,44,44,0,1,155,-20,1996,"1996TLM099",143.40350877193,-11.5964912280702
"265",25,37,37,0,1,144,-9,1996,"1996TLM100",143.40350877193,-0.596491228070164
"266",26,42,42,0,1,149,-14,1996,"1996TLM103",143.40350877193,-5.59649122807016
"267",26,32,32,0,1,139,-4,1996,"1996TLM104",143.40350877193,4.40350877192984
"268",28,40,40,0,1,147,-12,1996,"1996TLM107",143.40350877193,-3.59649122807016
"269",28,44,44,0,1,151,-16,1996,"1996TLM108",143.40350877193,-7.59649122807016
"270",28,43,43,0,1,151,-16,1996,"1996TLM109",143.40350877193,-7.59649122807016
"271",30,35,35,0,1,143,-8,1996,"1996TLM110",143.40350877193,0.403508771929836
"272",7,7,17,1,1,136,-1,1996,"1996EFS003",143.40350877193,7.40350877192984
"273",9,29,35,1,1,138,-3,1996,"1996EFS008",143.40350877193,5.40350877192984
"274",12,26,29,1,1,135,0,1996,"1996EFS018",143.40350877193,8.40350877192984
"275",13,31,33,1,1,142,-7,1996,"1996EFS022",143.40350877193,1.40350877192984
"276",14,24,28,1,1,137,-2,1996,"1996EFS034",143.40350877193,6.40350877192984
"277",17,17,27,1,1,149,-14,1996,"1996EFS039",143.40350877193,-5.59649122807016
"278",17,17,27,1,1,149,-14,1996,"1996EFS041",143.40350877193,-5.59649122807016
"279",24,24,33,1,1,145,-10,1996,"1996EFS069",143.40350877193,-1.59649122807016
"280",8,8,18,1,1,140,-5,1996,"1996TLM010",143.40350877193,3.40350877192984
"281",10,32,35,1,1,142,-7,1996,"1996TLM019",143.40350877193,1.40350877192984
"282",11,11,21,1,1,143,-8,1996,"1996TLM026",143.40350877193,0.403508771929836
"283",11,21,30,1,1,143,-8,1996,"1996TLM027",143.40350877193,0.403508771929836
"284",11,11,21,1,1,143,-8,1996,"1996TLM029",143.40350877193,0.403508771929836
"285",16,16,26,1,1,139,-4,1996,"1996TLM055",143.40350877193,4.40350877192984
"286",17,30,33,1,1,143,-8,1996,"1996TLM057",143.40350877193,0.403508771929836
"287",26,35,37,1,1,145,-10,1996,"1996TLM102",143.40350877193,-1.59649122807016
"288",19,39,39,0,1,148,-13,1996,"1996TLM074",143.40350877193,-4.59649122807016
"289",46,49,49,0,1,159,-24,1996,"1996TLM115",143.40350877193,-15.5964912280702
"290",1,31,31,0,1,135,5,1997,"1997EFS001",143.601449275362,8.60144927536231
"291",1,21,21,0,1,135,5,1997,"1997EFS004",143.601449275362,8.60144927536231
"292",3,23,23,0,1,137,3,1997,"1997EFS013",143.601449275362,6.60144927536231
"293",4,21,21,0,1,135,5,1997,"1997EFS018",143.601449275362,8.60144927536231
"294",5,27,27,0,1,136,4,1997,"1997EFS022",143.601449275362,7.60144927536231
"295",6,21,21,0,1,134,6,1997,"1997EFS025",143.601449275362,9.60144927536231
"296",6,29,29,0,1,143,-3,1997,"1997EFS026",143.601449275362,0.601449275362313
"297",6,24,24,0,1,137,3,1997,"1997EFS028",143.601449275362,6.60144927536231
"298",8,30,30,0,1,145,-5,1997,"1997EFS029",143.601449275362,-1.39855072463769
"299",8,30,30,0,1,142,-2,1997,"1997EFS030",143.601449275362,1.60144927536231
"300",8,26,26,0,1,139,1,1997,"1997EFS032",143.601449275362,4.60144927536231
"301",9,25,25,0,1,137,3,1997,"1997EFS033",143.601449275362,6.60144927536231
"302",10,26,26,0,1,138,2,1997,"1997EFS034",143.601449275362,5.60144927536231
"303",10,30,30,0,1,141,-1,1997,"1997EFS035",143.601449275362,2.60144927536231
"304",10,34,34,0,1,147,-7,1997,"1997EFS037",143.601449275362,-3.39855072463769
"305",10,33,33,0,1,147,-7,1997,"1997EFS038",143.601449275362,-3.39855072463769
"306",11,30,30,0,1,139,1,1997,"1997EFS042",143.601449275362,4.60144927536231
"307",14,36,36,0,1,148,-8,1997,"1997EFS048",143.601449275362,-4.39855072463769
"308",14,34,34,0,1,148,-8,1997,"1997EFS050",143.601449275362,-4.39855072463769
"309",15,25,25,0,1,136,4,1997,"1997EFS052",143.601449275362,7.60144927536231
"310",18,35,35,0,1,146,-6,1997,"1997EFS056",143.601449275362,-2.39855072463769
"311",27,36,36,0,1,151,-11,1997,"1997EFS061",143.601449275362,-7.39855072463769
"312",1,23,23,0,1,135,5,1997,"1997GJH004",143.601449275362,8.60144927536231
"313",4,27,27,0,1,138,2,1997,"1997GJH015",143.601449275362,5.60144927536231
"314",4,21,21,0,1,135,5,1997,"1997GJH016",143.601449275362,8.60144927536231
"315",5,22,22,0,1,139,1,1997,"1997GJH022",143.601449275362,4.60144927536231
"316",6,26,26,0,1,134,6,1997,"1997GJH026",143.601449275362,9.60144927536231
"317",6,22,22,0,1,134,6,1997,"1997GJH027",143.601449275362,9.60144927536231
"318",8,32,32,0,1,142,-2,1997,"1997GJH028",143.601449275362,1.60144927536231
"319",8,22,22,0,1,136,4,1997,"1997GJH029",143.601449275362,7.60144927536231
"320",8,30,30,0,1,142,-2,1997,"1997GJH030",143.601449275362,1.60144927536231
"321",8,21,21,0,1,136,4,1997,"1997GJH031",143.601449275362,7.60144927536231
"322",10,27,27,0,1,141,-1,1997,"1997GJH034",143.601449275362,2.60144927536231
"323",10,30,30,0,1,144,-4,1997,"1997GJH035",143.601449275362,-0.398550724637687
"324",10,34,34,0,1,144,-4,1997,"1997GJH037",143.601449275362,-0.398550724637687
"325",11,27,27,0,1,142,-2,1997,"1997GJH040",143.601449275362,1.60144927536231
"326",11,27,27,0,1,139,1,1997,"1997GJH043",143.601449275362,4.60144927536231
"327",12,31,31,0,1,143,-3,1997,"1997GJH047",143.601449275362,0.601449275362313
"328",12,33,33,0,1,146,-6,1997,"1997GJH048",143.601449275362,-2.39855072463769
"329",14,29,29,0,1,142,-2,1997,"1997GJH049",143.601449275362,1.60144927536231
"330",14,23,23,0,1,132,8,1997,"1997GJH051",143.601449275362,11.6014492753623
"331",15,33,33,0,1,146,-6,1997,"1997GJH052",143.601449275362,-2.39855072463769
"332",15,34,34,0,1,149,-9,1997,"1997GJH053",143.601449275362,-5.39855072463769
"333",16,31,31,0,1,147,-7,1997,"1997GJH054",143.601449275362,-3.39855072463769
"334",17,39,39,0,1,151,-11,1997,"1997GJH057",143.601449275362,-7.39855072463769
"335",18,35,35,0,1,149,-9,1997,"1997GJH058",143.601449275362,-5.39855072463769
"336",19,40,40,0,1,153,-13,1997,"1997GJH062",143.601449275362,-9.39855072463769
"337",2,24,24,0,1,136,4,1997,"1997MMB003",143.601449275362,7.60144927536231
"338",7,23,23,0,1,138,2,1997,"1997MMB011",143.601449275362,5.60144927536231
"339",9,32,32,0,1,143,-3,1997,"1997MMB013",143.601449275362,0.601449275362313
"340",9,23,23,0,1,137,3,1997,"1997MMB015",143.601449275362,6.60144927536231
"341",10,32,32,0,1,144,-4,1997,"1997MMB016",143.601449275362,-0.398550724637687
"342",11,27,27,0,1,139,1,1997,"1997MMB018",143.601449275362,4.60144927536231
"343",11,28,28,0,1,139,1,1997,"1997MMB019",143.601449275362,4.60144927536231
"344",11,28,28,0,1,142,-2,1997,"1997MMB020",143.601449275362,1.60144927536231
"345",12,31,31,0,1,146,-6,1997,"1997MMB021",143.601449275362,-2.39855072463769
"346",12,27,27,0,1,140,0,1997,"1997MMB023",143.601449275362,3.60144927536231
"347",12,28,28,0,1,140,0,1997,"1997MMB024",143.601449275362,3.60144927536231
"348",13,31,31,0,1,144,-4,1997,"1997MMB027",143.601449275362,-0.398550724637687
"349",16,39,39,0,1,150,-10,1997,"1997MMB029",143.601449275362,-6.39855072463769
"350",17,34,34,0,1,150,-10,1997,"1997MMB030",143.601449275362,-6.39855072463769
"351",17,34,34,0,1,151,-11,1997,"1997MMB031",143.601449275362,-7.39855072463769
"352",17,33,33,0,1,150,-10,1997,"1997MMB032",143.601449275362,-6.39855072463769
"353",23,37,37,0,1,151,-11,1997,"1997MMB040",143.601449275362,-7.39855072463769
"354",33,49,49,0,1,164,-24,1997,"1997MMB042",143.601449275362,-20.3985507246377
"355",1,24,24,0,1,138,2,1997,"1997TLM002",143.601449275362,5.60144927536231
"356",1,25,25,0,1,138,2,1997,"1997TLM003",143.601449275362,5.60144927536231
"357",3,24,24,0,1,137,3,1997,"1997TLM009",143.601449275362,6.60144927536231
"358",4,30,30,0,1,141,-1,1997,"1997TLM017",143.601449275362,2.60144927536231
"359",5,26,26,0,1,139,1,1997,"1997TLM020",143.601449275362,4.60144927536231
"360",5,22,22,0,1,139,1,1997,"1997TLM021",143.601449275362,4.60144927536231
"361",5,35,35,0,1,142,-2,1997,"1997TLM022",143.601449275362,1.60144927536231
"362",5,25,25,0,1,142,-2,1997,"1997TLM023",143.601449275362,1.60144927536231
"363",5,28,28,0,1,142,-2,1997,"1997TLM029",143.601449275362,1.60144927536231
"364",7,23,23,0,1,138,2,1997,"1997TLM030",143.601449275362,5.60144927536231
"365",7,23,23,0,1,138,2,1997,"1997TLM035",143.601449275362,5.60144927536231
"366",8,27,27,0,1,142,-2,1997,"1997TLM037",143.601449275362,1.60144927536231
"367",8,25,25,0,1,142,-2,1997,"1997TLM038",143.601449275362,1.60144927536231
"368",8,24,24,0,1,142,-2,1997,"1997TLM039",143.601449275362,1.60144927536231
"369",8,31,31,0,1,145,-5,1997,"1997TLM040",143.601449275362,-1.39855072463769
"370",10,31,31,0,1,147,-7,1997,"1997TLM049",143.601449275362,-3.39855072463769
"371",10,27,27,0,1,144,-4,1997,"1997TLM050",143.601449275362,-0.398550724637687
"372",10,32,32,0,1,147,-7,1997,"1997TLM054",143.601449275362,-3.39855072463769
"373",11,20,20,0,1,132,8,1997,"1997TLM056",143.601449275362,11.6014492753623
"374",11,33,33,0,1,148,-8,1997,"1997TLM057",143.601449275362,-4.39855072463769
"375",11,33,33,0,1,148,-8,1997,"1997TLM058",143.601449275362,-4.39855072463769
"376",11,27,27,0,1,139,1,1997,"1997TLM059",143.601449275362,4.60144927536231
"377",11,31,31,0,1,145,-5,1997,"1997TLM060",143.601449275362,-1.39855072463769
"378",11,33,33,0,1,148,-8,1997,"1997TLM062",143.601449275362,-4.39855072463769
"379",11,27,27,0,1,139,1,1997,"1997TLM063",143.601449275362,4.60144927536231
"380",12,22,22,0,1,133,7,1997,"1997TLM064",143.601449275362,10.6014492753623
"381",12,30,30,0,1,143,-3,1997,"1997TLM065",143.601449275362,0.601449275362313
"382",12,29,29,0,1,146,-6,1997,"1997TLM066",143.601449275362,-2.39855072463769
"383",12,29,29,0,1,146,-6,1997,"1997TLM067",143.601449275362,-2.39855072463769
"384",12,29,29,0,1,146,-6,1997,"1997TLM068",143.601449275362,-2.39855072463769
"385",12,27,27,0,1,143,-3,1997,"1997TLM069",143.601449275362,0.601449275362313
"386",13,21,21,0,1,134,6,1997,"1997TLM073",143.601449275362,9.60144927536231
"387",13,34,34,0,1,150,-10,1997,"1997TLM074",143.601449275362,-6.39855072463769
"388",13,30,30,0,1,141,-1,1997,"1997TLM076",143.601449275362,2.60144927536231
"389",13,30,30,0,1,144,-4,1997,"1997TLM078",143.601449275362,-0.398550724637687
"390",13,30,30,0,1,144,-4,1997,"1997TLM079",143.601449275362,-0.398550724637687
"391",13,34,34,0,1,147,-7,1997,"1997TLM080",143.601449275362,-3.39855072463769
"392",13,28,28,0,1,144,-4,1997,"1997TLM082",143.601449275362,-0.398550724637687
"393",15,35,35,0,1,149,-9,1997,"1997TLM083",143.601449275362,-5.39855072463769
"394",15,36,36,0,1,149,-9,1997,"1997TLM084",143.601449275362,-5.39855072463769
"395",15,33,33,0,1,146,-6,1997,"1997TLM086",143.601449275362,-2.39855072463769
"396",15,32,32,0,1,149,-9,1997,"1997TLM088",143.601449275362,-5.39855072463769
"397",16,36,36,0,1,150,-10,1997,"1997TLM089",143.601449275362,-6.39855072463769
"398",16,39,39,0,1,153,-13,1997,"1997TLM090",143.601449275362,-9.39855072463769
"399",18,39,39,0,1,155,-15,1997,"1997TLM093",143.601449275362,-11.3985507246377
"400",18,28,28,0,1,139,1,1997,"1997TLM094",143.601449275362,4.60144927536231
"401",29,44,44,0,1,160,-20,1997,"1997TLM101",143.601449275362,-16.3985507246377
"402",41,47,47,0,1,162,-22,1997,"1997TLM104",143.601449275362,-18.3985507246377
"403",20,39,39,0,1,154,-14,1997,"1997WSK001",143.601449275362,-10.3985507246377
"404",12,30,30,0,1,143,-3,1997,"1997EFS045",143.601449275362,0.601449275362313
"405",1,1,8,1,1,138,2,1997,"1997EFS003",143.601449275362,5.60144927536231
"406",4,18,24,1,1,141,-1,1997,"1997EFS020",143.601449275362,2.60144927536231
"407",6,33,36,1,1,143,-3,1997,"1997EFS023",143.601449275362,0.601449275362313
"408",10,10,17,1,1,147,-7,1997,"1997EFS036",143.601449275362,-3.39855072463769
"409",12,30,32,1,1,146,-6,1997,"1997EFS044",143.601449275362,-2.39855072463769
"410",14,26,31,1,1,142,-2,1997,"1997EFS049",143.601449275362,1.60144927536231
"411",18,25,32,1,1,155,-15,1997,"1997EFS057",143.601449275362,-11.3985507246377
"412",18,18,25,1,1,152,-12,1997,"1997EFS058",143.601449275362,-8.39855072463769
"413",6,23,25,1,1,137,3,1997,"1997GJH025",143.601449275362,6.60144927536231
"414",11,25,31,1,1,142,-2,1997,"1997GJH042",143.601449275362,1.60144927536231
"415",14,28,33,1,1,148,-8,1997,"1997GJH050",143.601449275362,-4.39855072463769
"416",29,38,41,1,1,160,-20,1997,"1997GJH064",143.601449275362,-16.3985507246377
"417",19,19,26,1,1,153,-13,1997,"1997MMB039",143.601449275362,-9.39855072463769
"418",4,20,25,1,1,138,2,1997,"1997TLM016",143.601449275362,5.60144927536231
"419",4,18,23,1,1,141,-1,1997,"1997TLM018",143.601449275362,2.60144927536231
"420",7,25,28,1,1,141,-1,1997,"1997TLM032",143.601449275362,2.60144927536231
"421",10,24,27,1,1,140,0,1997,"1997TLM048",143.601449275362,3.60144927536231
"422",10,10,17,1,1,144,-4,1997,"1997TLM055",143.601449275362,-0.398550724637687
"423",15,36,37,1,1,152,-12,1997,"1997TLM085",143.601449275362,-8.39855072463769
"424",17,17,24,1,1,151,-11,1997,"1997TLM091",143.601449275362,-7.39855072463769
"425",19,33,36,1,1,150,-10,1997,"1997TLM095",143.601449275362,-6.39855072463769
"426",27,44,47,1,1,158,-18,1997,"1997TLM100",143.601449275362,-14.3985507246377
"427",13,41,41,0,1,147,-7,1997,"1997TLM070",143.601449275362,-3.39855072463769
"428",27,40,40,0,1,164,-15,1998,"1998DAM001",154.130841121495,-9.86915887850466
"429",28,32,32,0,1,155,-6,1998,"1998DAM002",154.130841121495,-0.869158878504663
"430",21,36,36,0,1,161,-12,1998,"1998ECH001",154.130841121495,-6.86915887850466
"431",21,33,33,0,1,148,1,1998,"1998GJH001",154.130841121495,6.13084112149534
"432",19,32,32,0,1,152,-3,1998,"1998GJH002",154.130841121495,2.13084112149534
"433",21,32,32,0,1,154,-5,1998,"1998GJH003",154.130841121495,0.130841121495337
"434",21,31,31,0,1,154,-5,1998,"1998GJH007",154.130841121495,0.130841121495337
"435",1,26,26,0,1,144,5,1998,"1998KLW002",154.130841121495,10.1308411214953
"436",6,28,28,0,1,149,0,1998,"1998KLW007",154.130841121495,5.13084112149534
"437",8,29,29,0,1,151,-2,1998,"1998KLW012",154.130841121495,3.13084112149534
"438",8,29,29,0,1,151,-2,1998,"1998KLW013",154.130841121495,3.13084112149534
"439",8,29,29,0,1,151,-2,1998,"1998KLW014",154.130841121495,3.13084112149534
"440",9,27,27,0,1,146,3,1998,"1998KLW017",154.130841121495,8.13084112149534
"441",10,33,33,0,1,156,-7,1998,"1998KLW018",154.130841121495,-1.86915887850466
"442",11,32,32,0,1,148,1,1998,"1998KLW026",154.130841121495,6.13084112149534
"443",11,33,33,0,1,157,-8,1998,"1998KLW028",154.130841121495,-2.86915887850466
"444",12,25,25,0,1,149,0,1998,"1998KLW030",154.130841121495,5.13084112149534
"445",13,31,31,0,1,156,-7,1998,"1998KLW032",154.130841121495,-1.86915887850466
"446",13,33,33,0,1,153,-4,1998,"1998KLW033",154.130841121495,1.13084112149534
"447",13,26,26,0,1,150,-1,1998,"1998KLW034",154.130841121495,4.13084112149534
"448",13,29,29,0,1,152,-3,1998,"1998KLW035",154.130841121495,2.13084112149534
"449",14,27,27,0,1,151,-2,1998,"1998KLW037",154.130841121495,3.13084112149534
"450",14,33,33,0,1,157,-8,1998,"1998KLW039",154.130841121495,-2.86915887850466
"451",16,23,23,0,1,143,6,1998,"1998KLW042",154.130841121495,11.1308411214953
"452",16,30,30,0,1,156,-7,1998,"1998KLW043",154.130841121495,-1.86915887850466
"453",18,21,21,0,1,145,4,1998,"1998KLW045",154.130841121495,9.13084112149534
"454",28,35,35,0,1,155,-6,1998,"1998KLW052",154.130841121495,-0.869158878504663
"455",23,37,37,0,1,160,-11,1998,"1998RMA001",154.130841121495,-5.86915887850466
"456",1,24,24,0,1,147,2,1998,"1998TLM015",154.130841121495,7.13084112149534
"457",2,24,24,0,1,148,1,1998,"1998TLM020",154.130841121495,6.13084112149534
"458",4,26,26,0,1,147,2,1998,"1998TLM026",154.130841121495,7.13084112149534
"459",4,17,17,0,1,144,5,1998,"1998TLM027",154.130841121495,10.1308411214953
"460",4,26,26,0,1,150,-1,1998,"1998TLM030",154.130841121495,4.13084112149534
"461",4,25,25,0,1,150,-1,1998,"1998TLM033",154.130841121495,4.13084112149534
"462",5,25,25,0,1,148,1,1998,"1998TLM034",154.130841121495,6.13084112149534
"463",6,28,28,0,1,149,0,1998,"1998TLM040",154.130841121495,5.13084112149534
"464",6,29,29,0,1,152,-3,1998,"1998TLM042",154.130841121495,2.13084112149534
"465",6,28,28,0,1,152,-3,1998,"1998TLM043",154.130841121495,2.13084112149534
"466",8,29,29,0,1,153,-4,1998,"1998TLM045",154.130841121495,1.13084112149534
"467",8,29,29,0,1,154,-5,1998,"1998TLM046",154.130841121495,0.130841121495337
"468",9,32,32,0,1,155,-6,1998,"1998TLM056",154.130841121495,-0.869158878504663
"469",9,28,28,0,1,154,-5,1998,"1998TLM059",154.130841121495,0.130841121495337
"470",9,33,33,0,1,155,-6,1998,"1998TLM060",154.130841121495,-0.869158878504663
"471",9,30,30,0,1,155,-6,1998,"1998TLM061",154.130841121495,-0.869158878504663
"472",10,34,34,0,1,156,-7,1998,"1998TLM067",154.130841121495,-1.86915887850466
"473",10,26,26,0,1,149,0,1998,"1998TLM068",154.130841121495,5.13084112149534
"474",10,29,29,0,1,153,-4,1998,"1998TLM070",154.130841121495,1.13084112149534
"475",10,24,24,0,1,153,-4,1998,"1998TLM073",154.130841121495,1.13084112149534
"476",11,27,27,0,1,154,-5,1998,"1998TLM074",154.130841121495,0.130841121495337
"477",11,36,36,0,1,157,-8,1998,"1998TLM077",154.130841121495,-2.86915887850466
"478",11,24,24,0,1,156,-7,1998,"1998TLM079",154.130841121495,-1.86915887850466
"479",11,24,24,0,1,154,-5,1998,"1998TLM080",154.130841121495,0.130841121495337
"480",12,31,31,0,1,155,-6,1998,"1998TLM082",154.130841121495,-0.869158878504663
"481",12,27,27,0,1,151,-2,1998,"1998TLM083",154.130841121495,3.13084112149534
"482",12,26,26,0,1,151,-2,1998,"1998TLM086",154.130841121495,3.13084112149534
"483",12,28,28,0,1,155,-6,1998,"1998TLM089",154.130841121495,-0.869158878504663
"484",13,31,31,0,1,156,-7,1998,"1998TLM097",154.130841121495,-1.86915887850466
"485",13,34,34,0,1,159,-10,1998,"1998TLM098",154.130841121495,-4.86915887850466
"486",13,25,25,0,1,150,-1,1998,"1998TLM100",154.130841121495,4.13084112149534
"487",13,31,31,0,1,159,-10,1998,"1998TLM102",154.130841121495,-4.86915887850466
"488",13,30,30,0,1,150,-1,1998,"1998TLM103",154.130841121495,4.13084112149534
"489",13,33,33,0,1,156,-7,1998,"1998TLM104",154.130841121495,-1.86915887850466
"490",13,26,26,0,1,150,-1,1998,"1998TLM105",154.130841121495,4.13084112149534
"491",13,28,28,0,1,156,-7,1998,"1998TLM106",154.130841121495,-1.86915887850466
"492",13,33,33,0,1,156,-7,1998,"1998TLM107",154.130841121495,-1.86915887850466
"493",13,32,32,0,1,159,-10,1998,"1998TLM109",154.130841121495,-4.86915887850466
"494",14,34,34,0,1,160,-11,1998,"1998TLM113",154.130841121495,-5.86915887850466
"495",14,31,31,0,1,154,-5,1998,"1998TLM117",154.130841121495,0.130841121495337
"496",14,35,35,0,1,160,-11,1998,"1998TLM118",154.130841121495,-5.86915887850466
"497",14,28,28,0,1,154,-5,1998,"1998TLM123",154.130841121495,0.130841121495337
"498",15,28,28,0,1,155,-6,1998,"1998TLM124",154.130841121495,-0.869158878504663
"499",15,28,28,0,1,152,-3,1998,"1998TLM126",154.130841121495,2.13084112149534
"500",16,32,32,0,1,155,-6,1998,"1998TLM128",154.130841121495,-0.869158878504663
"501",16,30,30,0,1,153,-4,1998,"1998TLM135",154.130841121495,1.13084112149534
"502",16,30,30,0,1,153,-4,1998,"1998TLM136",154.130841121495,1.13084112149534
"503",17,28,28,0,1,154,-5,1998,"1998TLM140",154.130841121495,0.130841121495337
"504",17,39,39,0,1,160,-11,1998,"1998TLM141",154.130841121495,-5.86915887850466
"505",17,35,35,0,1,160,-11,1998,"1998TLM142",154.130841121495,-5.86915887850466
"506",17,35,35,0,1,160,-11,1998,"1998TLM146",154.130841121495,-5.86915887850466
"507",19,35,35,0,1,159,-10,1998,"1998TLM153",154.130841121495,-4.86915887850466
"508",19,33,33,0,1,156,-7,1998,"1998TLM154",154.130841121495,-1.86915887850466
"509",20,40,40,0,1,163,-14,1998,"1998TLM157",154.130841121495,-8.86915887850466
"510",20,32,32,0,1,157,-8,1998,"1998TLM158",154.130841121495,-2.86915887850466
"511",20,36,36,0,1,163,-14,1998,"1998TLM159",154.130841121495,-8.86915887850466
"512",20,32,32,0,1,157,-8,1998,"1998TLM163",154.130841121495,-2.86915887850466
"513",22,41,41,0,1,167,-18,1998,"1998TLM165",154.130841121495,-12.8691588785047
"514",22,26,26,0,1,149,0,1998,"1998TLM167",154.130841121495,5.13084112149534
"515",22,37,37,0,1,162,-13,1998,"1998TLM170",154.130841121495,-7.86915887850466
"516",22,32,32,0,1,152,-3,1998,"1998TLM171",154.130841121495,2.13084112149534
"517",22,32,32,0,1,152,-3,1998,"1998TLM172",154.130841121495,2.13084112149534
"518",24,27,27,0,1,151,-2,1998,"1998TLM174",154.130841121495,3.13084112149534
"519",25,33,33,0,1,158,-9,1998,"1998TLM175",154.130841121495,-3.86915887850466
"520",26,32,32,0,1,156,-7,1998,"1998TLM176",154.130841121495,-1.86915887850466
"521",27,33,33,0,1,156,-7,1998,"1998TLM177",154.130841121495,-1.86915887850466
"522",31,39,39,0,1,164,-15,1998,"1998TLM178",154.130841121495,-9.86915887850466
"523",16,16,26,1,1,156,-7,1998,"1998KLW041",154.130841121495,-1.86915887850466
"524",17,17,27,1,1,154,-5,1998,"1998KLW044",154.130841121495,0.130841121495337
"525",3,13,19,1,1,149,0,1998,"1998TLM021",154.130841121495,5.13084112149534
"526",10,20,28,1,1,156,-7,1998,"1998TLM062",154.130841121495,-1.86915887850466
"527",11,21,24,1,1,148,1,1998,"1998TLM078",154.130841121495,6.13084112149534
"528",13,13,23,1,1,156,-7,1998,"1998TLM094",154.130841121495,-1.86915887850466
"529",13,13,23,1,1,159,-10,1998,"1998TLM095",154.130841121495,-4.86915887850466
"530",13,29,32,1,1,153,-4,1998,"1998TLM096",154.130841121495,1.13084112149534
"531",14,14,24,1,1,151,-2,1998,"1998TLM112",154.130841121495,3.13084112149534
"532",21,35,38,1,1,161,-12,1998,"1998TLM164",154.130841121495,-6.86915887850466
"533",22,34,37,1,1,159,-10,1998,"1998TLM166",154.130841121495,-4.86915887850466
"534",22,22,32,1,1,162,-13,1998,"1998TLM169",154.130841121495,-7.86915887850466
"535",10,30,30,0,1,158,-7,1999,"1999CLR002",156.307086614173,-1.69291338582678
"536",11,22,22,0,1,150,1,1999,"1999CLR006",156.307086614173,6.30708661417322
"537",11,34,34,0,1,159,-8,1999,"1999CLR007",156.307086614173,-2.69291338582678
"538",13,35,35,0,1,161,-10,1999,"1999CLR015",156.307086614173,-4.69291338582678
"539",14,35,35,0,1,162,-11,1999,"1999CLR033",156.307086614173,-5.69291338582678
"540",15,18,18,0,1,144,7,1999,"1999CLR034",156.307086614173,12.3070866141732
"541",15,27,27,0,1,152,-1,1999,"1999CLR036",156.307086614173,4.30708661417322
"542",16,31,31,0,1,158,-7,1999,"1999CLR048",156.307086614173,-1.69291338582678
"543",17,37,37,0,1,165,-14,1999,"1999CLR057",156.307086614173,-8.69291338582678
"544",1,23,23,0,1,149,2,1999,"1999GJH002",156.307086614173,7.30708661417322
"545",2,25,25,0,1,150,1,1999,"1999GJH005",156.307086614173,6.30708661417322
"546",4,28,28,0,1,152,-1,1999,"1999GJH009",156.307086614173,4.30708661417322
"547",6,32,32,0,1,154,-3,1999,"1999GJH020",156.307086614173,2.30708661417322
"548",8,24,24,0,1,153,-2,1999,"1999GJH027",156.307086614173,3.30708661417322
"549",8,27,27,0,1,153,-2,1999,"1999GJH028",156.307086614173,3.30708661417322
"550",8,22,22,0,1,147,4,1999,"1999GJH034",156.307086614173,9.30708661417322
"551",8,27,27,0,1,153,-2,1999,"1999GJH035",156.307086614173,3.30708661417322
"552",10,22,22,0,1,152,-1,1999,"1999GJH045",156.307086614173,4.30708661417322
"553",11,27,27,0,1,152,-1,1999,"1999GJH052",156.307086614173,4.30708661417322
"554",11,33,33,0,1,159,-8,1999,"1999GJH056",156.307086614173,-2.69291338582678
"555",11,30,30,0,1,155,-4,1999,"1999GJH057",156.307086614173,1.30708661417322
"556",11,35,35,0,1,159,-8,1999,"1999GJH058",156.307086614173,-2.69291338582678
"557",12,32,32,0,1,160,-9,1999,"1999GJH060",156.307086614173,-3.69291338582678
"558",12,33,33,0,1,157,-6,1999,"1999GJH062",156.307086614173,-0.692913385826785
"559",12,26,26,0,1,154,-3,1999,"1999GJH063",156.307086614173,2.30708661417322
"560",13,32,32,0,1,158,-7,1999,"1999GJH069",156.307086614173,-1.69291338582678
"561",13,30,30,0,1,155,-4,1999,"1999GJH074",156.307086614173,1.30708661417322
"562",13,25,25,0,1,145,6,1999,"1999GJH075",156.307086614173,11.3070866141732
"563",13,33,33,0,1,158,-7,1999,"1999GJH076",156.307086614173,-1.69291338582678
"564",14,28,28,0,1,149,2,1999,"1999GJH077",156.307086614173,7.30708661417322
"565",14,30,30,0,1,156,-5,1999,"1999GJH081",156.307086614173,0.307086614173215
"566",16,32,32,0,1,158,-7,1999,"1999GJH089",156.307086614173,-1.69291338582678
"567",16,35,35,0,1,161,-10,1999,"1999GJH090",156.307086614173,-4.69291338582678
"568",17,23,23,0,1,146,5,1999,"1999GJH096",156.307086614173,10.3070866141732
"569",17,31,31,0,1,152,-1,1999,"1999GJH098",156.307086614173,4.30708661417322
"570",17,34,34,0,1,159,-8,1999,"1999GJH100",156.307086614173,-2.69291338582678
"571",23,35,35,0,1,158,-7,1999,"1999GJH114",156.307086614173,-1.69291338582678
"572",24,25,25,0,1,151,0,1999,"1999GJH117",156.307086614173,5.30708661417322
"573",23,30,30,0,1,152,-1,1999,"1999PD001",156.307086614173,4.30708661417322
"574",1,26,26,0,1,149,2,1999,"1999TLM003",156.307086614173,7.30708661417322
"575",1,23,23,0,1,146,5,1999,"1999TLM006",156.307086614173,10.3070866141732
"576",2,25,25,0,1,150,1,1999,"1999TLM014",156.307086614173,6.30708661417322
"577",2,24,24,0,1,150,1,1999,"1999TLM015",156.307086614173,6.30708661417322
"578",4,26,26,0,1,149,2,1999,"1999TLM024",156.307086614173,7.30708661417322
"579",4,26,26,0,1,152,-1,1999,"1999TLM026",156.307086614173,4.30708661417322
"580",4,27,27,0,1,152,-1,1999,"1999TLM028",156.307086614173,4.30708661417322
"581",5,27,27,0,1,153,-2,1999,"1999TLM038",156.307086614173,3.30708661417322
"582",6,32,32,0,1,154,-3,1999,"1999TLM044",156.307086614173,2.30708661417322
"583",8,30,30,0,1,156,-5,1999,"1999TLM050",156.307086614173,0.307086614173215
"584",8,31,31,0,1,156,-5,1999,"1999TLM051",156.307086614173,0.307086614173215
"585",8,30,30,0,1,156,-5,1999,"1999TLM054",156.307086614173,0.307086614173215
"586",8,30,30,0,1,156,-5,1999,"1999TLM055",156.307086614173,0.307086614173215
"587",8,30,30,0,1,156,-5,1999,"1999TLM057",156.307086614173,0.307086614173215
"588",8,24,24,0,1,153,-2,1999,"1999TLM061",156.307086614173,3.30708661417322
"589",9,25,25,0,1,151,0,1999,"1999TLM063",156.307086614173,5.30708661417322
"590",9,31,31,0,1,154,-3,1999,"1999TLM064",156.307086614173,2.30708661417322
"591",9,29,29,0,1,157,-6,1999,"1999TLM069",156.307086614173,-0.692913385826785
"592",9,34,34,0,1,157,-6,1999,"1999TLM073",156.307086614173,-0.692913385826785
"593",9,25,25,0,1,154,-3,1999,"1999TLM075",156.307086614173,2.30708661417322
"594",11,35,35,0,1,159,-8,1999,"1999TLM081",156.307086614173,-2.69291338582678
"595",11,30,30,0,1,159,-8,1999,"1999TLM082",156.307086614173,-2.69291338582678
"596",11,32,32,0,1,159,-8,1999,"1999TLM083",156.307086614173,-2.69291338582678
"597",11,23,23,0,1,152,-1,1999,"1999TLM084",156.307086614173,4.30708661417322
"598",12,33,33,0,1,160,-9,1999,"1999TLM087",156.307086614173,-3.69291338582678
"599",12,33,33,0,1,160,-9,1999,"1999TLM089",156.307086614173,-3.69291338582678
"600",12,33,33,0,1,160,-9,1999,"1999TLM090",156.307086614173,-3.69291338582678
"601",12,31,31,0,1,157,-6,1999,"1999TLM091",156.307086614173,-0.692913385826785
"602",13,27,27,0,1,152,-1,1999,"1999TLM093",156.307086614173,4.30708661417322
"603",13,35,35,0,1,161,-10,1999,"1999TLM094",156.307086614173,-4.69291338582678
"604",13,34,34,0,1,161,-10,1999,"1999TLM095",156.307086614173,-4.69291338582678
"605",13,35,35,0,1,161,-10,1999,"1999TLM097",156.307086614173,-4.69291338582678
"606",14,29,29,0,1,156,-5,1999,"1999TLM099",156.307086614173,0.307086614173215
"607",14,28,28,0,1,153,-2,1999,"1999TLM100",156.307086614173,3.30708661417322
"608",14,30,30,0,1,156,-5,1999,"1999TLM101",156.307086614173,0.307086614173215
"609",14,32,32,0,1,159,-8,1999,"1999TLM104",156.307086614173,-2.69291338582678
"610",15,28,28,0,1,154,-3,1999,"1999TLM106",156.307086614173,2.30708661417322
"611",16,38,38,0,1,164,-13,1999,"1999TLM119",156.307086614173,-7.69291338582678
"612",16,30,30,0,1,158,-7,1999,"1999TLM120",156.307086614173,-1.69291338582678
"613",17,32,32,0,1,156,-5,1999,"1999TLM123",156.307086614173,0.307086614173215
"614",17,31,31,0,1,159,-8,1999,"1999TLM128",156.307086614173,-2.69291338582678
"615",17,31,31,0,1,156,-5,1999,"1999TLM130",156.307086614173,0.307086614173215
"616",17,34,34,0,1,159,-8,1999,"1999TLM131",156.307086614173,-2.69291338582678
"617",20,43,43,0,1,168,-17,1999,"1999TLM135",156.307086614173,-11.6929133858268
"618",20,33,33,0,1,159,-8,1999,"1999TLM136",156.307086614173,-2.69291338582678
"619",20,39,39,0,1,167,-16,1999,"1999TLM140",156.307086614173,-10.6929133858268
"620",20,40,40,0,1,167,-16,1999,"1999TLM141",156.307086614173,-10.6929133858268
"621",21,34,34,0,1,163,-12,1999,"1999TLM147",156.307086614173,-6.69291338582678
"622",26,33,33,0,1,158,-7,1999,"1999TLM161",156.307086614173,-1.69291338582678
"623",27,42,42,0,1,169,-18,1999,"1999TLM164",156.307086614173,-12.6929133858268
"624",15,15,25,1,1,163,-12,1999,"1999CLR043",156.307086614173,-6.69291338582678
"625",6,6,16,1,1,151,0,1999,"1999GJH019",156.307086614173,5.30708661417322
"626",6,6,26,1,1,154,-3,1999,"1999GJH025",156.307086614173,2.30708661417322
"627",6,6,16,1,1,154,-3,1999,"1999GJH026",156.307086614173,2.30708661417322
"628",10,10,30,1,1,158,-7,1999,"1999GJH041",156.307086614173,-1.69291338582678
"629",11,31,35,1,1,156,-5,1999,"1999GJH051",156.307086614173,0.307086614173215
"630",11,27,29,1,1,153,-2,1999,"1999GJH054",156.307086614173,3.30708661417322
"631",13,13,23,1,1,155,-4,1999,"1999GJH066",156.307086614173,1.30708661417322
"632",15,15,25,1,1,163,-12,1999,"1999GJH087",156.307086614173,-6.69291338582678
"633",17,22,23,1,1,146,5,1999,"1999GJH093",156.307086614173,10.3070866141732
"634",23,31,33,1,1,155,-4,1999,"1999GJH111",156.307086614173,1.30708661417322
"635",28,37,43,1,1,176,-25,1999,"1999GJH120",156.307086614173,-19.6929133858268
"636",1,1,11,1,1,146,5,1999,"1999TLM002",156.307086614173,10.3070866141732
"637",3,3,13,1,1,151,0,1999,"1999TLM020",156.307086614173,5.30708661417322
"638",4,24,30,1,1,152,-1,1999,"1999TLM029",156.307086614173,4.30708661417322
"639",5,15,24,1,1,153,-2,1999,"1999TLM034",156.307086614173,3.30708661417322
"640",5,5,15,1,1,153,-2,1999,"1999TLM035",156.307086614173,3.30708661417322
"641",5,5,25,1,1,153,-2,1999,"1999TLM037",156.307086614173,3.30708661417322
"642",5,5,25,1,1,153,-2,1999,"1999TLM040",156.307086614173,3.30708661417322
"643",6,26,32,1,1,154,-3,1999,"1999TLM042",156.307086614173,2.30708661417322
"644",6,6,26,1,1,154,-3,1999,"1999TLM045",156.307086614173,2.30708661417322
"645",11,11,21,1,1,159,-8,1999,"1999TLM080",156.307086614173,-2.69291338582678
"646",14,14,24,1,1,162,-11,1999,"1999TLM102",156.307086614173,-5.69291338582678
"647",15,15,25,1,1,156,-5,1999,"1999TLM113",156.307086614173,0.307086614173215
"648",17,17,28,1,1,156,-5,1999,"1999TLM125",156.307086614173,0.307086614173215
"649",17,28,33,1,1,162,-11,1999,"1999TLM126",156.307086614173,-5.69291338582678
"650",17,28,31,1,1,156,-5,1999,"1999TLM127",156.307086614173,0.307086614173215
"651",17,30,33,1,1,156,-5,1999,"1999TLM129",156.307086614173,0.307086614173215
"652",21,21,31,1,1,163,-12,1999,"1999TLM148",156.307086614173,-6.69291338582678
"653",24,24,31,1,1,172,-21,1999,"1999TLM157",156.307086614173,-15.6929133858268
"654",30,40,45,1,1,169,-18,1999,"1999TLM166",156.307086614173,-12.6929133858268
"655",22,31,31,0,1,164,-13,1999,"1999AQ001",156.307086614173,-7.69291338582678
"656",24,34,34,0,1,166,-15,1999,"1999GJH115",156.307086614173,-9.69291338582678
"657",8,28,28,0,1,154,-3,1999,"1999TLM059",156.307086614173,2.30708661417322
"658",9,19,19,0,1,151,0,1999,"1999TLM067",156.307086614173,5.30708661417322
"659",9,29,29,0,1,156,-5,1999,"1999TLM068",156.307086614173,0.307086614173215
"660",9,29,29,0,1,157,-6,1999,"1999TLM071",156.307086614173,-0.692913385826785
"661",31,46,46,0,1,170,-19,1999,"1999TLM168",156.307086614173,-13.6929133858268
"662",15,30,30,0,1,155,-3,2000,"2000MLS060",154.353448275862,-0.646551724137936
"663",3,27,27,0,1,152,0,2000,"2000BG011",154.353448275862,2.35344827586206
"664",1,25,25,0,1,147,5,2000,"2000BG005",154.353448275862,7.35344827586206
"665",3,26,26,0,1,149,3,2000,"2000BG008",154.353448275862,5.35344827586206
"666",5,26,26,0,1,151,1,2000,"2000BG016",154.353448275862,3.35344827586206
"667",5,22,22,0,1,154,-2,2000,"2000BG017",154.353448275862,0.353448275862064
"668",5,26,26,0,1,154,-2,2000,"2000BG018",154.353448275862,0.353448275862064
"669",6,31,31,0,1,155,-3,2000,"2000BG026",154.353448275862,-0.646551724137936
"670",6,22,22,0,1,149,3,2000,"2000BG027",154.353448275862,5.35344827586206
"671",6,30,30,0,1,155,-3,2000,"2000BG029",154.353448275862,-0.646551724137936
"672",8,28,28,0,1,154,-2,2000,"2000BG036",154.353448275862,0.353448275862064
"673",8,31,31,0,1,157,-5,2000,"2000BG037",154.353448275862,-2.64655172413794
"674",8,28,28,0,1,154,-2,2000,"2000BG038",154.353448275862,0.353448275862064
"675",8,30,30,0,1,154,-2,2000,"2000BG047",154.353448275862,0.353448275862064
"676",8,28,28,0,1,154,-2,2000,"2000BG048",154.353448275862,0.353448275862064
"677",9,28,28,0,1,152,0,2000,"2000BG050",154.353448275862,2.35344827586206
"678",9,28,28,0,1,155,-3,2000,"2000BG055",154.353448275862,-0.646551724137936
"679",9,28,28,0,1,155,-3,2000,"2000BG056",154.353448275862,-0.646551724137936
"680",10,26,26,0,1,153,-1,2000,"2000BG058",154.353448275862,1.35344827586206
"681",10,22,22,0,1,150,2,2000,"2000BG063",154.353448275862,4.35344827586206
"682",11,27,27,0,1,154,-2,2000,"2000BG066",154.353448275862,0.353448275862064
"683",12,32,32,0,1,152,0,2000,"2000BG076",154.353448275862,2.35344827586206
"684",12,24,24,0,1,152,0,2000,"2000BG077",154.353448275862,2.35344827586206
"685",12,27,27,0,1,155,-3,2000,"2000BG079",154.353448275862,-0.646551724137936
"686",12,30,30,0,1,158,-6,2000,"2000BG080",154.353448275862,-3.64655172413794
"687",14,34,34,0,1,160,-8,2000,"2000BG090",154.353448275862,-5.64655172413794
"688",17,32,32,0,1,157,-5,2000,"2000BG101",154.353448275862,-2.64655172413794
"689",17,33,33,0,1,159,-7,2000,"2000BG102",154.353448275862,-4.64655172413794
"690",26,31,31,0,1,155,-3,2000,"2000BG112",154.353448275862,-0.646551724137936
"691",1,27,27,0,1,150,2,2000,"2000MLS002",154.353448275862,4.35344827586206
"692",1,23,23,0,1,147,5,2000,"2000MLS003",154.353448275862,7.35344827586206
"693",3,26,26,0,1,149,3,2000,"2000MLS005",154.353448275862,5.35344827586206
"694",4,21,21,0,1,144,8,2000,"2000MLS008",154.353448275862,10.3534482758621
"695",4,26,26,0,1,153,-1,2000,"2000MLS010",154.353448275862,1.35344827586206
"696",5,29,29,0,1,151,1,2000,"2000MLS015",154.353448275862,3.35344827586206
"697",5,30,30,0,1,151,1,2000,"2000MLS016",154.353448275862,3.35344827586206
"698",9,23,23,0,1,149,3,2000,"2000MLS020",154.353448275862,5.35344827586206
"699",9,24,24,0,1,149,3,2000,"2000MLS023",154.353448275862,5.35344827586206
"700",9,33,33,0,1,155,-3,2000,"2000MLS024",154.353448275862,-0.646551724137936
"701",10,32,32,0,1,156,-4,2000,"2000MLS026",154.353448275862,-1.64655172413794
"702",10,29,29,0,1,153,-1,2000,"2000MLS030",154.353448275862,1.35344827586206
"703",10,22,22,0,1,156,-4,2000,"2000MLS032",154.353448275862,-1.64655172413794
"704",11,23,23,0,1,151,1,2000,"2000MLS033",154.353448275862,3.35344827586206
"705",11,23,23,0,1,151,1,2000,"2000MLS034",154.353448275862,3.35344827586206
"706",11,30,30,0,1,157,-5,2000,"2000MLS037",154.353448275862,-2.64655172413794
"707",12,24,24,0,1,150,2,2000,"2000MLS042",154.353448275862,4.35344827586206
"708",12,28,28,0,1,155,-3,2000,"2000MLS045",154.353448275862,-0.646551724137936
"709",12,33,33,0,1,158,-6,2000,"2000MLS046",154.353448275862,-3.64655172413794
"710",12,26,26,0,1,152,0,2000,"2000MLS047",154.353448275862,2.35344827586206
"711",13,29,29,0,1,156,-4,2000,"2000MLS051",154.353448275862,-1.64655172413794
"712",13,26,26,0,1,153,-1,2000,"2000MLS054",154.353448275862,1.35344827586206
"713",15,25,25,0,1,148,4,2000,"2000MLS065",154.353448275862,6.35344827586206
"714",15,36,36,0,1,161,-9,2000,"2000MLS066",154.353448275862,-6.64655172413794
"715",16,33,33,0,1,156,-4,2000,"2000MLS067",154.353448275862,-1.64655172413794
"716",17,28,28,0,1,150,2,2000,"2000MLS071",154.353448275862,4.35344827586206
"717",19,28,28,0,1,152,0,2000,"2000MLS078",154.353448275862,2.35344827586206
"718",23,37,37,0,1,163,-11,2000,"2000MLS082",154.353448275862,-8.64655172413794
"719",24,26,26,0,1,153,-1,2000,"2000MLS084",154.353448275862,1.35344827586206
"720",1,27,27,0,1,150,2,2000,"2000TLM007",154.353448275862,4.35344827586206
"721",3,29,29,0,1,152,0,2000,"2000TLM012",154.353448275862,2.35344827586206
"722",3,26,26,0,1,152,0,2000,"2000TLM015",154.353448275862,2.35344827586206
"723",5,28,28,0,1,154,-2,2000,"2000TLM027",154.353448275862,0.353448275862064
"724",5,27,27,0,1,154,-2,2000,"2000TLM030",154.353448275862,0.353448275862064
"725",5,29,29,0,1,154,-2,2000,"2000TLM031",154.353448275862,0.353448275862064
"726",5,22,22,0,1,150,2,2000,"2000TLM032",154.353448275862,4.35344827586206
"727",6,27,27,0,1,149,3,2000,"2000TLM034",154.353448275862,5.35344827586206
"728",7,23,23,0,1,149,3,2000,"2000TLM041",154.353448275862,5.35344827586206
"729",7,32,32,0,1,156,-4,2000,"2000TLM043",154.353448275862,-1.64655172413794
"730",7,30,30,0,1,156,-4,2000,"2000TLM045",154.353448275862,-1.64655172413794
"731",7,24,24,0,1,149,3,2000,"2000TLM046",154.353448275862,5.35344827586206
"732",7,24,24,0,1,152,0,2000,"2000TLM047",154.353448275862,2.35344827586206
"733",7,29,29,0,1,156,-4,2000,"2000TLM049",154.353448275862,-1.64655172413794
"734",8,37,37,0,1,157,-5,2000,"2000TLM053",154.353448275862,-2.64655172413794
"735",8,20,20,0,1,153,-1,2000,"2000TLM055",154.353448275862,1.35344827586206
"736",8,20,20,0,1,157,-5,2000,"2000TLM070",154.353448275862,-2.64655172413794
"737",8,26,26,0,1,156,-4,2000,"2000TLM071",154.353448275862,-1.64655172413794
"738",10,30,30,0,1,159,-7,2000,"2000TLM073",154.353448275862,-4.64655172413794
"739",10,29,29,0,1,156,-4,2000,"2000TLM074",154.353448275862,-1.64655172413794
"740",10,26,26,0,1,159,-7,2000,"2000TLM078",154.353448275862,-4.64655172413794
"741",11,35,35,0,1,160,-8,2000,"2000TLM081",154.353448275862,-5.64655172413794
"742",11,24,24,0,1,151,1,2000,"2000TLM083",154.353448275862,3.35344827586206
"743",11,29,29,0,1,157,-5,2000,"2000TLM084",154.353448275862,-2.64655172413794
"744",11,32,32,0,1,159,-7,2000,"2000TLM087",154.353448275862,-4.64655172413794
"745",12,33,33,0,1,158,-6,2000,"2000TLM091",154.353448275862,-3.64655172413794
"746",12,24,24,0,1,155,-3,2000,"2000TLM093",154.353448275862,-0.646551724137936
"747",12,24,24,0,1,155,-3,2000,"2000TLM099",154.353448275862,-0.646551724137936
"748",12,25,25,0,1,155,-3,2000,"2000TLM101",154.353448275862,-0.646551724137936
"749",12,24,24,0,1,158,-6,2000,"2000TLM102",154.353448275862,-3.64655172413794
"750",12,28,28,0,1,155,-3,2000,"2000TLM103",154.353448275862,-0.646551724137936
"751",13,34,34,0,1,162,-10,2000,"2000TLM104",154.353448275862,-7.64655172413794
"752",13,29,29,0,1,159,-7,2000,"2000TLM105",154.353448275862,-4.64655172413794
"753",13,34,34,0,1,161,-9,2000,"2000TLM106",154.353448275862,-6.64655172413794
"754",13,32,32,0,1,159,-7,2000,"2000TLM107",154.353448275862,-4.64655172413794
"755",13,34,34,0,1,161,-9,2000,"2000TLM108",154.353448275862,-6.64655172413794
"756",14,26,26,0,1,154,-2,2000,"2000TLM112",154.353448275862,0.353448275862064
"757",15,29,29,0,1,155,-3,2000,"2000TLM116",154.353448275862,-0.646551724137936
"758",16,28,28,0,1,159,-7,2000,"2000TLM118",154.353448275862,-4.64655172413794
"759",25,38,38,0,1,165,-13,2000,"2000TLM123",154.353448275862,-10.6465517241379
"760",12,24,24,0,1,152,0,2000,"2000TLM092",154.353448275862,2.35344827586206
"761",3,3,13,1,1,149,3,2000,"2000BG010",154.353448275862,5.35344827586206
"762",6,6,16,1,1,155,-3,2000,"2000BG022",154.353448275862,-0.646551724137936
"763",6,16,26,1,1,155,-3,2000,"2000BG034",154.353448275862,-0.646551724137936
"764",8,28,30,1,1,157,-5,2000,"2000BG040",154.353448275862,-2.64655172413794
"765",8,8,18,1,1,157,-5,2000,"2000BG043",154.353448275862,-2.64655172413794
"766",17,17,27,1,1,157,-5,2000,"2000BG097",154.353448275862,-2.64655172413794
"767",4,4,14,1,1,153,-1,2000,"2000MLS011",154.353448275862,1.35344827586206
"768",12,12,22,1,1,152,0,2000,"2000MLS039",154.353448275862,2.35344827586206
"769",12,12,22,1,1,155,-3,2000,"2000MLS041",154.353448275862,-0.646551724137936
"770",17,30,32,1,1,157,-5,2000,"2000MLS069",154.353448275862,-2.64655172413794
"771",17,27,36,1,1,163,-11,2000,"2000MLS073",154.353448275862,-8.64655172413794
"772",2,2,12,1,1,148,4,2000,"2000TLM008",154.353448275862,6.35344827586206
"773",3,3,13,1,1,152,0,2000,"2000TLM014",154.353448275862,2.35344827586206
"774",7,23,25,1,1,149,3,2000,"2000TLM051",154.353448275862,5.35344827586206
"775",11,11,21,1,1,157,-5,2000,"2000TLM085",154.353448275862,-2.64655172413794
"776",10,22,25,1,1,150,2,2000,"2000MLS031",154.353448275862,4.35344827586206
"777",36,38,38,0,1,169,-17,2000,"2000TLM124",154.353448275862,-14.6465517241379
"778",19,30,30,0,1,157,-5,2001,"2001DVS075",155.857142857143,-1.14285714285714
"779",19,25,25,0,1,152,0,2001,"2001DVS081",155.857142857143,3.85714285714286
"780",14,27,27,0,1,154,-2,2001,"2001HCW036",155.857142857143,1.85714285714286
"781",15,15,24,1,1,155,-3,2001,"2001DVS008",155.857142857143,0.857142857142861
"782",7,7,17,1,1,156,-4,2001,"2001DVS027",155.857142857143,-0.142857142857139
"783",12,12,15,1,1,155,-3,2001,"2001DVS043",155.857142857143,0.857142857142861
"784",15,15,24,1,1,155,-3,2001,"2001DVS055",155.857142857143,0.857142857142861
"785",15,15,24,1,1,155,-3,2001,"2001DVS059",155.857142857143,0.857142857142861
"786",18,20,21,1,1,148,4,2001,"2001DVS069",155.857142857143,7.85714285714286
"787",1,1,12,1,1,147,5,2001,"2001HCW004",155.857142857143,8.85714285714286
"788",4,4,16,1,1,153,-1,2001,"2001HCW012",155.857142857143,2.85714285714286
"789",6,6,16,1,1,152,0,2001,"2001HCW016",155.857142857143,3.85714285714286
"790",7,17,19,1,1,153,-1,2001,"2001HCW022",155.857142857143,2.85714285714286
"791",8,8,18,1,1,157,-5,2001,"2001HCW023",155.857142857143,-1.14285714285714
"792",9,9,19,1,1,158,-6,2001,"2001HCW032",155.857142857143,-2.14285714285714
"793",11,11,19,1,1,160,-8,2001,"2001HCW034",155.857142857143,-4.14285714285714
"794",14,14,19,1,1,157,-5,2001,"2001HCW041",155.857142857143,-1.14285714285714
"795",15,15,31,1,1,158,-6,2001,"2001HCW043",155.857142857143,-2.14285714285714
"796",15,15,27,1,1,158,-6,2001,"2001HCW047",155.857142857143,-2.14285714285714
"797",19,19,29,1,1,165,-13,2001,"2001HCW060",155.857142857143,-9.14285714285714
"798",4,4,16,1,1,153,-1,2001,"2001MLW014",155.857142857143,2.85714285714286
"799",8,8,18,1,1,157,-5,2001,"2001MLW030",155.857142857143,-1.14285714285714
"800",10,10,15,1,1,159,-7,2001,"2001MLW038",155.857142857143,-3.14285714285714
"801",12,20,25,1,1,155,-3,2001,"2001MLW043",155.857142857143,0.857142857142861
"802",14,14,24,1,1,154,-2,2001,"2001MLW048",155.857142857143,1.85714285714286
"803",14,14,24,1,1,163,-11,2001,"2001MLW050",155.857142857143,-7.14285714285714
"804",15,15,19,1,1,155,-3,2001,"2001MLW060",155.857142857143,0.857142857142861
"805",17,17,24,1,1,163,-11,2001,"2001MLW065",155.857142857143,-7.14285714285714
"806",10,16,16,0,1,136,9,2002,"2002CEF004",145.833333333333,9.83333333333334
"807",10,30,30,0,1,149,-4,2002,"2002CEF005",145.833333333333,-3.16666666666666
"808",11,29,29,0,1,147,-2,2002,"2002CEF010",145.833333333333,-1.16666666666666
"809",13,30,30,0,1,146,-1,2002,"2002CEF012",145.833333333333,-0.166666666666657
"810",13,26,26,0,1,146,-1,2002,"2002CEF013",145.833333333333,-0.166666666666657
"811",14,21,21,0,1,140,5,2002,"2002CEF016",145.833333333333,5.83333333333334
"812",14,29,29,0,1,150,-5,2002,"2002CEF018",145.833333333333,-4.16666666666666
"813",14,31,31,0,1,147,-2,2002,"2002CEF021",145.833333333333,-1.16666666666666
"814",1,22,22,0,1,143,2,2002,"2002HCW001",145.833333333333,2.83333333333334
"815",1,32,32,0,1,143,2,2002,"2002HCW003",145.833333333333,2.83333333333334
"816",2,23,23,0,1,141,4,2002,"2002HCW006",145.833333333333,4.83333333333334
"817",2,23,23,0,1,144,1,2002,"2002HCW008",145.833333333333,1.83333333333334
"818",3,22,22,0,1,139,6,2002,"2002HCW011",145.833333333333,6.83333333333334
"819",3,28,28,0,1,145,0,2002,"2002HCW013",145.833333333333,0.833333333333343
"820",3,27,27,0,1,145,0,2002,"2002HCW014",145.833333333333,0.833333333333343
"821",4,24,24,0,1,140,5,2002,"2002HCW018",145.833333333333,5.83333333333334
"822",4,24,24,0,1,146,-1,2002,"2002HCW021",145.833333333333,-0.166666666666657
"823",4,19,19,0,1,140,5,2002,"2002HCW023",145.833333333333,5.83333333333334
"824",5,25,25,0,1,144,1,2002,"2002HCW026",145.833333333333,1.83333333333334
"825",5,29,29,0,1,147,-2,2002,"2002HCW030",145.833333333333,-1.16666666666666
"826",5,21,21,0,1,141,4,2002,"2002HCW032",145.833333333333,4.83333333333334
"827",6,23,23,0,1,142,3,2002,"2002HCW037",145.833333333333,3.83333333333334
"828",6,28,28,0,1,146,-1,2002,"2002HCW038",145.833333333333,-0.166666666666657
"829",6,25,25,0,1,145,0,2002,"2002HCW039",145.833333333333,0.833333333333343
"830",6,26,26,0,1,148,-3,2002,"2002HCW042",145.833333333333,-2.16666666666666
"831",7,25,25,0,1,139,6,2002,"2002HCW044",145.833333333333,6.83333333333334
"832",7,28,28,0,1,147,-2,2002,"2002HCW047",145.833333333333,-1.16666666666666
"833",7,28,28,0,1,149,-4,2002,"2002HCW048",145.833333333333,-3.16666666666666
"834",7,28,28,0,1,143,2,2002,"2002HCW050",145.833333333333,2.83333333333334
"835",9,26,26,0,1,145,0,2002,"2002HCW055",145.833333333333,0.833333333333343
"836",12,35,35,0,1,154,-9,2002,"2002HCW062",145.833333333333,-8.16666666666666
"837",13,36,36,0,1,155,-10,2002,"2002HCW070",145.833333333333,-9.16666666666666
"838",13,26,26,0,1,147,-2,2002,"2002HCW072",145.833333333333,-1.16666666666666
"839",19,27,27,0,1,147,-2,2002,"2002HCW076",145.833333333333,-1.16666666666666
"840",2,25,25,0,1,144,1,2002,"2002HMW011",145.833333333333,1.83333333333334
"841",2,25,25,0,1,144,1,2002,"2002HMW012",145.833333333333,1.83333333333334
"842",2,25,25,0,1,144,1,2002,"2002HMW014",145.833333333333,1.83333333333334
"843",3,19,19,0,1,141,4,2002,"2002HMW022",145.833333333333,4.83333333333334
"844",3,24,24,0,1,139,6,2002,"2002HMW023",145.833333333333,6.83333333333334
"845",3,28,28,0,1,145,0,2002,"2002HMW024",145.833333333333,0.833333333333343
"846",3,26,26,0,1,145,0,2002,"2002HMW025",145.833333333333,0.833333333333343
"847",4,27,27,0,1,146,-1,2002,"2002HMW035",145.833333333333,-0.166666666666657
"848",4,21,21,0,1,140,5,2002,"2002HMW039",145.833333333333,5.83333333333334
"849",4,27,27,0,1,148,-3,2002,"2002HMW048",145.833333333333,-2.16666666666666
"850",5,25,25,0,1,149,-4,2002,"2002HMW050",145.833333333333,-3.16666666666666
"851",5,19,19,0,1,137,8,2002,"2002HMW052",145.833333333333,8.83333333333334
"852",5,24,24,0,1,147,-2,2002,"2002HMW053",145.833333333333,-1.16666666666666
"853",5,23,23,0,1,149,-4,2002,"2002HMW055",145.833333333333,-3.16666666666666
"854",5,24,24,0,1,141,4,2002,"2002HMW061",145.833333333333,4.83333333333334
"855",6,22,22,0,1,137,8,2002,"2002HMW063",145.833333333333,8.83333333333334
"856",6,17,17,0,1,138,7,2002,"2002HMW064",145.833333333333,7.83333333333334
"857",6,22,22,0,1,146,-1,2002,"2002HMW066",145.833333333333,-0.166666666666657
"858",6,23,23,0,1,142,3,2002,"2002HMW067",145.833333333333,3.83333333333334
"859",6,23,23,0,1,140,5,2002,"2002HMW068",145.833333333333,5.83333333333334
"860",6,33,33,0,1,148,-3,2002,"2002HMW069",145.833333333333,-2.16666666666666
"861",6,26,26,0,1,150,-5,2002,"2002HMW075",145.833333333333,-4.16666666666666
"862",8,25,25,0,1,150,-5,2002,"2002HMW100",145.833333333333,-4.16666666666666
"863",9,25,25,0,1,142,3,2002,"2002HMW106",145.833333333333,3.83333333333334
"864",9,26,26,0,1,145,0,2002,"2002HMW107",145.833333333333,0.833333333333343
"865",9,34,34,0,1,151,-6,2002,"2002HMW115",145.833333333333,-5.16666666666666
"866",9,33,33,0,1,153,-8,2002,"2002HMW116",145.833333333333,-7.16666666666666
"867",9,31,31,0,1,153,-8,2002,"2002HMW119",145.833333333333,-7.16666666666666
"868",10,31,31,0,1,152,-7,2002,"2002HMW120",145.833333333333,-6.16666666666666
"869",10,26,26,0,1,146,-1,2002,"2002HMW123",145.833333333333,-0.166666666666657
"870",10,16,16,0,1,136,9,2002,"2002HMW125",145.833333333333,9.83333333333334
"871",10,27,27,0,1,143,2,2002,"2002HMW136",145.833333333333,2.83333333333334
"872",12,30,30,0,1,148,-3,2002,"2002HMW150",145.833333333333,-2.16666666666666
"873",12,36,36,0,1,154,-9,2002,"2002HMW156",145.833333333333,-8.16666666666666
"874",12,18,18,0,1,138,7,2002,"2002HMW157",145.833333333333,7.83333333333334
"875",12,29,29,0,1,145,0,2002,"2002HMW163",145.833333333333,0.833333333333343
"876",13,31,31,0,1,152,-7,2002,"2002HMW166",145.833333333333,-6.16666666666666
"877",13,26,26,0,1,146,-1,2002,"2002HMW168",145.833333333333,-0.166666666666657
"878",14,25,25,0,1,140,5,2002,"2002HMW178",145.833333333333,5.83333333333334
"879",17,31,31,0,1,153,-8,2002,"2002HMW183",145.833333333333,-7.16666666666666
"880",18,37,37,0,1,157,-12,2002,"2002HMW187",145.833333333333,-11.1666666666667
"881",19,33,33,0,1,158,-13,2002,"2002HMW192",145.833333333333,-12.1666666666667
"882",2,24,24,0,1,141,4,2002,"2002JLO004",145.833333333333,4.83333333333334
"883",3,25,25,0,1,142,3,2002,"2002JLO010",145.833333333333,3.83333333333334
"884",3,23,23,0,1,145,0,2002,"2002JLO012",145.833333333333,0.833333333333343
"885",3,23,23,0,1,145,0,2002,"2002JLO014",145.833333333333,0.833333333333343
"886",4,23,23,0,1,140,5,2002,"2002JLO016",145.833333333333,5.83333333333334
"887",4,23,23,0,1,140,5,2002,"2002JLO017",145.833333333333,5.83333333333334
"888",5,25,25,0,1,144,1,2002,"2002JLO018",145.833333333333,1.83333333333334
"889",5,27,27,0,1,144,1,2002,"2002JLO020",145.833333333333,1.83333333333334
"890",5,27,27,0,1,144,1,2002,"2002JLO021",145.833333333333,1.83333333333334
"891",5,23,23,0,1,141,4,2002,"2002JLO023",145.833333333333,4.83333333333334
"892",5,22,22,0,1,144,1,2002,"2002JLO024",145.833333333333,1.83333333333334
"893",6,29,29,0,1,148,-3,2002,"2002JLO025",145.833333333333,-2.16666666666666
"894",7,23,23,0,1,140,5,2002,"2002JLO032",145.833333333333,5.83333333333334
"895",16,27,27,0,1,142,3,2002,"2002JLO038",145.833333333333,3.83333333333334
"896",9,25,25,0,1,148,-3,2002,"2002JLO040",145.833333333333,-2.16666666666666
"897",10,30,30,0,1,152,-7,2002,"2002JLO043",145.833333333333,-6.16666666666666
"898",10,21,21,0,1,141,4,2002,"2002JLO044",145.833333333333,4.83333333333334
"899",12,27,27,0,1,145,0,2002,"2002JLO046",145.833333333333,0.833333333333343
"900",12,30,30,0,1,145,0,2002,"2002JLO048",145.833333333333,0.833333333333343
"901",14,20,20,0,1,140,5,2002,"2002JLO055",145.833333333333,5.83333333333334
"902",25,26,26,0,1,146,-1,2002,"2002JLO066",145.833333333333,-0.166666666666657
"903",1,22,22,0,1,143,2,2002,"2002MLW002",145.833333333333,2.83333333333334
"904",3,25,25,0,1,145,0,2002,"2002MLW011",145.833333333333,0.833333333333343
"905",3,25,25,0,1,145,0,2002,"2002MLW014",145.833333333333,0.833333333333343
"906",25,30,30,0,1,150,-5,2002,"2002MLW023",145.833333333333,-4.16666666666666
"907",12,32,32,0,1,151,-6,2002,"2002RMO003",145.833333333333,-5.16666666666666
"908",9,9,22,1,1,151,-6,2002,"2002CEF001",145.833333333333,-5.16666666666666
"909",10,10,18,1,1,146,-1,2002,"2002CEF006",145.833333333333,-0.166666666666657
"910",10,10,18,1,1,152,-7,2002,"2002CEF008",145.833333333333,-6.16666666666666
"911",7,14,20,1,1,141,4,2002,"2002HCW049",145.833333333333,4.83333333333334
"912",3,30,34,1,1,142,3,2002,"2002HMW029",145.833333333333,3.83333333333334
"913",4,18,21,1,1,148,-3,2002,"2002HMW034",145.833333333333,-2.16666666666666
"914",5,19,24,1,1,147,-2,2002,"2002HMW060",145.833333333333,-1.16666666666666
"915",7,7,28,1,1,151,-6,2002,"2002HMW079",145.833333333333,-5.16666666666666
"916",7,21,25,1,1,151,-6,2002,"2002HMW087",145.833333333333,-5.16666666666666
"917",9,9,31,1,1,151,-6,2002,"2002HMW109",145.833333333333,-5.16666666666666
"918",12,32,33,1,1,154,-9,2002,"2002HMW151",145.833333333333,-8.16666666666666
"919",12,12,19,1,1,156,-11,2002,"2002HMW155",145.833333333333,-10.1666666666667
"920",14,26,31,1,1,156,-11,2002,"2002HMW175",145.833333333333,-10.1666666666667
"921",23,23,29,1,1,149,-4,2002,"2002HMW195",145.833333333333,-3.16666666666666
"922",27,37,38,1,1,163,-18,2002,"2002HMW208",145.833333333333,-17.1666666666667
"923",29,36,37,1,1,155,-10,2002,"2002HMW211",145.833333333333,-9.16666666666666
"924",3,3,11,1,1,146,-1,2002,"2002JLO008",145.833333333333,-0.166666666666657
"925",4,4,11,1,1,143,2,2002,"2002JLO013",145.833333333333,2.83333333333334
"926",4,21,24,1,1,140,5,2002,"2002JLO015",145.833333333333,5.83333333333334
"927",7,7,8,1,1,143,2,2002,"2002JLO028",145.833333333333,2.83333333333334
"928",7,7,8,1,1,143,2,2002,"2002JLO029",145.833333333333,2.83333333333334
"929",8,23,27,1,1,147,-2,2002,"2002JLO034",145.833333333333,-1.16666666666666
"930",14,14,17,1,1,147,-2,2002,"2002JLO053",145.833333333333,-1.16666666666666
"931",22,22,28,1,1,164,-19,2002,"2002TEH002",145.833333333333,-18.1666666666667
"932",13,30,30,0,1,146,-1,2002,"2002CEF011",145.833333333333,-0.166666666666657
"933",5,16,16,0,1,141,4,2002,"2002HCW025",145.833333333333,4.83333333333334
"934",6,28,28,0,1,148,-3,2002,"2002HCW043",145.833333333333,-2.16666666666666
"935",8,32,32,0,1,150,-5,2002,"2002HMW098",145.833333333333,-4.16666666666666
"936",12,29,29,0,1,135,10,2002,"2002JLO050",145.833333333333,10.8333333333333
"937",2,34,34,0,1,144,1,2002,"2002MLW003",145.833333333333,1.83333333333334
"938",2,22,22,0,1,144,1,2002,"2002MLW004",145.833333333333,1.83333333333334
"939",2,22,22,0,1,144,1,2002,"2002MLW005",145.833333333333,1.83333333333334
"940",3,17,17,0,1,145,0,2002,"2002MLW012",145.833333333333,0.833333333333343
"941",3,10,10,0,1,145,0,2002,"2002MLW013",145.833333333333,0.833333333333343
"942",17,36,36,0,1,159,-14,2002,"2002MLW016",145.833333333333,-13.1666666666667
"943",13,20,20,0,1,139,6,2002,"2002TLM121",145.833333333333,6.83333333333334
"944",5,23,23,0,1,136,4,2003,"2003HCW003",147.590163934426,11.5901639344262
"945",5,24,24,0,1,136,4,2003,"2003HCW007",147.590163934426,11.5901639344262
"946",9,26,26,0,1,143,-3,2003,"2003HCW014",147.590163934426,4.59016393442624
"947",9,28,28,0,1,142,-2,2003,"2003HCW017",147.590163934426,5.59016393442624
"948",12,28,28,0,1,143,-3,2003,"2003HCW028",147.590163934426,4.59016393442624
"949",12,30,30,0,1,146,-6,2003,"2003HCW029",147.590163934426,1.59016393442624
"950",15,37,37,0,1,152,-12,2003,"2003HCW032",147.590163934426,-4.40983606557376
"951",18,41,41,0,1,155,-15,2003,"2003HCW038",147.590163934426,-7.40983606557376
"952",5,23,23,0,1,141,-1,2003,"2003HMW020",147.590163934426,6.59016393442624
"953",7,23,23,0,1,146,-6,2003,"2003HMW042",147.590163934426,1.59016393442624
"954",9,32,32,0,1,147,-7,2003,"2003HMW063",147.590163934426,0.590163934426243
"955",11,28,28,0,1,149,-9,2003,"2003HMW080",147.590163934426,-1.40983606557376
"956",12,25,25,0,1,141,-1,2003,"2003HMW090",147.590163934426,6.59016393442624
"957",13,34,34,0,1,151,-11,2003,"2003HMW093",147.590163934426,-3.40983606557376
"958",13,30,30,0,1,144,-4,2003,"2003HMW094",147.590163934426,3.59016393442624
"959",13,31,31,0,1,144,-4,2003,"2003HMW096",147.590163934426,3.59016393442624
"960",15,29,29,0,1,147,-7,2003,"2003HMW101",147.590163934426,0.590163934426243
"961",18,36,36,0,1,149,-9,2003,"2003HMW129",147.590163934426,-1.40983606557376
"962",18,35,35,0,1,153,-13,2003,"2003HMW136",147.590163934426,-5.40983606557376
"963",19,42,42,0,1,158,-18,2003,"2003HMW145",147.590163934426,-10.4098360655738
"964",23,36,36,0,1,154,-14,2003,"2003HMW161",147.590163934426,-6.40983606557376
"965",24,36,36,0,1,154,-14,2003,"2003HMW166",147.590163934426,-6.40983606557376
"966",25,31,31,0,1,145,-5,2003,"2003HMW172",147.590163934426,2.59016393442624
"967",26,34,34,0,1,148,-8,2003,"2003HMW174",147.590163934426,-0.409836065573757
"968",5,29,29,0,1,142,-2,2003,"2003JLO001",147.590163934426,5.59016393442624
"969",5,31,31,0,1,142,-2,2003,"2003JLO004",147.590163934426,5.59016393442624
"970",6,27,27,0,1,140,0,2003,"2003JLO005",147.590163934426,7.59016393442624
"971",9,33,33,0,1,146,-6,2003,"2003JLO008",147.590163934426,1.59016393442624
"972",12,34,34,0,1,149,-9,2003,"2003JLO020",147.590163934426,-1.40983606557376
"973",13,24,24,0,1,134,6,2003,"2003JLO024",147.590163934426,13.5901639344262
"974",13,34,34,0,1,144,-4,2003,"2003JLO025",147.590163934426,3.59016393442624
"975",14,33,33,0,1,151,-11,2003,"2003JLO028",147.590163934426,-3.40983606557376
"976",15,33,33,0,1,148,-8,2003,"2003JLO037",147.590163934426,-0.409836065573757
"977",32,34,34,0,1,158,-18,2003,"2003JLO045",147.590163934426,-10.4098360655738
"978",33,37,37,0,1,153,-13,2003,"2003JLO046",147.590163934426,-5.40983606557376
"979",6,30,30,0,1,143,-3,2003,"2003MLW003",147.590163934426,4.59016393442624
"980",8,30,30,0,1,145,-5,2003,"2003MLW005",147.590163934426,2.59016393442624
"981",9,35,35,0,1,146,-6,2003,"2003MLW009",147.590163934426,1.59016393442624
"982",9,31,31,0,1,146,-6,2003,"2003MLW010",147.590163934426,1.59016393442624
"983",11,31,31,0,1,148,-8,2003,"2003MLW019",147.590163934426,-0.409836065573757
"984",11,34,34,0,1,148,-8,2003,"2003MLW020",147.590163934426,-0.409836065573757
"985",12,29,29,0,1,140,0,2003,"2003MLW023",147.590163934426,7.59016393442624
"986",12,30,30,0,1,139,1,2003,"2003MLW024",147.590163934426,8.59016393442624
"987",16,33,33,0,1,147,-7,2003,"2003MLW033",147.590163934426,0.590163934426243
"988",27,42,42,0,1,155,-15,2003,"2003MLW049",147.590163934426,-7.40983606557376
"989",29,39,39,0,1,155,-15,2003,"2003MLW050",147.590163934426,-7.40983606557376
"990",5,28,28,0,1,144,-4,2003,"2003TJO001",147.590163934426,3.59016393442624
"991",5,28,28,0,1,144,-4,2003,"2003TJO004",147.590163934426,3.59016393442624
"992",5,27,27,0,1,144,-4,2003,"2003TJO005",147.590163934426,3.59016393442624
"993",5,28,28,0,1,144,-4,2003,"2003TJO006",147.590163934426,3.59016393442624
"994",5,21,21,0,1,144,-4,2003,"2003TJO008",147.590163934426,3.59016393442624
"995",7,31,31,0,1,144,-4,2003,"2003TJO010",147.590163934426,3.59016393442624
"996",8,31,31,0,1,145,-5,2003,"2003TJO012",147.590163934426,2.59016393442624
"997",8,21,21,0,1,136,4,2003,"2003TJO013",147.590163934426,11.5901639344262
"998",9,27,27,0,1,146,-6,2003,"2003TJO021",147.590163934426,1.59016393442624
"999",9,28,28,0,1,137,3,2003,"2003TJO022",147.590163934426,10.5901639344262
"1000",9,28,28,0,1,143,-3,2003,"2003TJO023",147.590163934426,4.59016393442624
"1001",9,29,29,0,1,143,-3,2003,"2003TJO024",147.590163934426,4.59016393442624
"1002",12,35,35,0,1,146,-6,2003,"2003TJO028",147.590163934426,1.59016393442624
"1003",12,36,36,0,1,148,-8,2003,"2003TJO030",147.590163934426,-0.409836065573757
"1004",14,36,36,0,1,150,-10,2003,"2003TJO031",147.590163934426,-2.40983606557376
"1005",15,34,34,0,1,146,-6,2003,"2003TJO039",147.590163934426,1.59016393442624
"1006",19,30,30,0,1,140,0,2003,"2003TJO050",147.590163934426,7.59016393442624
"1007",7,14,21,1,1,144,-4,2003,"2003HCW009",147.590163934426,3.59016393442624
"1008",10,10,17,1,1,147,-7,2003,"2003HCW022",147.590163934426,0.590163934426243
"1009",18,31,36,1,1,151,-11,2003,"2003HCW040",147.590163934426,-3.40983606557376
"1010",21,30,33,1,1,158,-18,2003,"2003HCW043",147.590163934426,-10.4098360655738
"1011",22,22,27,1,1,159,-19,2003,"2003HCW044",147.590163934426,-11.4098360655738
"1012",25,25,30,1,1,156,-16,2003,"2003HCW045",147.590163934426,-8.40983606557376
"1013",32,32,38,1,1,153,-13,2003,"2003HCW047",147.590163934426,-5.40983606557376
"1014",7,7,14,1,1,146,-6,2003,"2003HMW039",147.590163934426,1.59016393442624
"1015",7,29,31,1,1,146,-6,2003,"2003HMW041",147.590163934426,1.59016393442624
"1016",8,15,22,1,1,147,-7,2003,"2003HMW049",147.590163934426,0.590163934426243
"1017",8,8,15,1,1,146,-6,2003,"2003HMW050",147.590163934426,1.59016393442624
"1018",8,15,22,1,1,147,-7,2003,"2003HMW051",147.590163934426,0.590163934426243
"1019",8,22,28,1,1,147,-7,2003,"2003HMW052",147.590163934426,0.590163934426243
"1020",15,19,26,1,1,154,-14,2003,"2003HMW098",147.590163934426,-6.40983606557376
"1021",15,26,32,1,1,153,-13,2003,"2003HMW102",147.590163934426,-5.40983606557376
"1022",15,22,30,1,1,153,-13,2003,"2003HMW113",147.590163934426,-5.40983606557376
"1023",16,16,23,1,1,155,-15,2003,"2003HMW118",147.590163934426,-7.40983606557376
"1024",16,34,35,1,1,150,-10,2003,"2003HMW120",147.590163934426,-2.40983606557376
"1025",16,23,27,1,1,145,-5,2003,"2003HMW121",147.590163934426,2.59016393442624
"1026",20,34,40,1,1,157,-17,2003,"2003HMW148",147.590163934426,-9.40983606557376
"1027",22,38,41,1,1,161,-21,2003,"2003HMW158",147.590163934426,-13.4098360655738
"1028",23,30,32,1,1,152,-12,2003,"2003HMW160",147.590163934426,-4.40983606557376
"1029",24,24,30,1,1,153,-13,2003,"2003HMW168",147.590163934426,-5.40983606557376
"1030",29,29,36,1,1,159,-19,2003,"2003HMW179",147.590163934426,-11.4098360655738
"1031",37,37,41,1,1,156,-16,2003,"2003HMW189",147.590163934426,-8.40983606557376
"1032",5,5,12,1,1,142,-2,2003,"2003JLO002",147.590163934426,5.59016393442624
"1033",5,5,12,1,1,139,1,2003,"2003JLO003",147.590163934426,8.59016393442624
"1034",8,22,25,1,1,141,-1,2003,"2003JLO007",147.590163934426,6.59016393442624
"1035",9,16,22,1,1,135,5,2003,"2003JLO009",147.590163934426,12.5901639344262
"1036",10,17,20,1,1,138,2,2003,"2003JLO016",147.590163934426,9.59016393442624
"1037",14,29,32,1,1,151,-11,2003,"2003JLO027",147.590163934426,-3.40983606557376
"1038",14,29,31,1,1,147,-7,2003,"2003JLO029",147.590163934426,0.590163934426243
"1039",14,21,27,1,1,142,-2,2003,"2003JLO036",147.590163934426,5.59016393442624
"1040",15,22,30,1,1,152,-12,2003,"2003JLO038",147.590163934426,-4.40983606557376
"1041",8,22,27,1,1,145,-5,2003,"2003MLW006",147.590163934426,2.59016393442624
"1042",10,17,24,1,1,147,-7,2003,"2003MLW013",147.590163934426,0.590163934426243
"1043",11,11,18,1,1,148,-8,2003,"2003MLW017",147.590163934426,-0.409836065573757
"1044",14,29,32,1,1,151,-11,2003,"2003MLW029",147.590163934426,-3.40983606557376
"1045",15,22,30,1,1,151,-11,2003,"2003MLW032",147.590163934426,-3.40983606557376
"1046",18,30,32,1,1,145,-5,2003,"2003MLW040",147.590163934426,2.59016393442624
"1047",24,30,37,1,1,155,-15,2003,"2003PLF002",147.590163934426,-7.40983606557376
"1048",7,14,17,1,1,144,-4,2003,"2003TJO009",147.590163934426,3.59016393442624
"1049",7,29,31,1,1,144,-4,2003,"2003TJO011",147.590163934426,3.59016393442624
"1050",8,22,28,1,1,146,-6,2003,"2003TJO015",147.590163934426,1.59016393442624
"1051",9,16,22,1,1,137,3,2003,"2003TJO020",147.590163934426,10.5901639344262
"1052",10,10,17,1,1,144,-4,2003,"2003TJO026",147.590163934426,3.59016393442624
"1053",11,25,31,1,1,147,-7,2003,"2003TJO027",147.590163934426,0.590163934426243
"1054",14,29,32,1,1,148,-8,2003,"2003TJO032",147.590163934426,-0.409836065573757
"1055",16,30,34,1,1,150,-10,2003,"2003TJO040",147.590163934426,-2.40983606557376
"1056",17,17,24,1,1,145,-5,2003,"2003TJO043",147.590163934426,2.59016393442624
"1057",17,24,31,1,1,151,-11,2003,"2003TJO044",147.590163934426,-3.40983606557376
"1058",21,29,38,1,1,158,-18,2003,"2003TJO057",147.590163934426,-10.4098360655738
"1059",21,21,29,1,1,157,-17,2003,"2003TJO058",147.590163934426,-9.40983606557376
"1060",21,29,36,1,1,158,-18,2003,"2003TJO059",147.590163934426,-10.4098360655738
"1061",19,26,26,0,1,145,-5,2003,"2003HMW144",147.590163934426,2.59016393442624
"1062",22,42,42,0,1,161,-21,2003,"2003HMW159",147.590163934426,-13.4098360655738
"1063",27,43,43,0,1,162,-22,2003,"2003HMW178",147.590163934426,-14.4098360655738
"1064",29,42,42,0,1,165,-25,2003,"2003HMW180",147.590163934426,-17.4098360655738
"1065",6,17,17,0,1,133,7,2003,"2003MLW004",147.590163934426,14.5901639344262
"1066",13,31,31,0,1,138,-4,2004,"2004BNS001",143.788732394366,5.78873239436621
"1067",14,30,30,0,1,136,-2,2004,"2004BNS002",143.788732394366,7.78873239436621
"1068",14,33,33,0,1,139,-5,2004,"2004BNS005",143.788732394366,4.78873239436621
"1069",21,33,33,0,1,141,-7,2004,"2004BNS008",143.788732394366,2.78873239436621
"1070",15,27,27,0,1,137,-3,2004,"2004BNS013",143.788732394366,6.78873239436621
"1071",15,36,36,0,1,143,-9,2004,"2004BNS015",143.788732394366,0.788732394366207
"1072",16,27,27,0,1,131,3,2004,"2004BNS021",143.788732394366,12.7887323943662
"1073",16,33,33,0,1,139,-5,2004,"2004BNS022",143.788732394366,4.78873239436621
"1074",17,33,33,0,1,143,-9,2004,"2004BNS024",143.788732394366,0.788732394366207
"1075",17,30,30,0,1,139,-5,2004,"2004BNS025",143.788732394366,4.78873239436621
"1076",17,24,24,0,1,132,2,2004,"2004BNS026",143.788732394366,11.7887323943662
"1077",17,37,37,0,1,145,-11,2004,"2004BNS030",143.788732394366,-1.21126760563379
"1078",19,31,31,0,1,141,-7,2004,"2004BNS031",143.788732394366,2.78873239436621
"1079",20,34,34,0,1,142,-8,2004,"2004BNS034",143.788732394366,1.78873239436621
"1080",21,37,37,0,1,146,-12,2004,"2004BNS038",143.788732394366,-2.21126760563379
"1081",21,38,38,0,1,146,-12,2004,"2004BNS039",143.788732394366,-2.21126760563379
"1082",21,37,37,0,1,146,-12,2004,"2004BNS040",143.788732394366,-2.21126760563379
"1083",21,36,36,0,1,145,-11,2004,"2004BNS041",143.788732394366,-1.21126760563379
"1084",21,36,36,0,1,143,-9,2004,"2004BNS042",143.788732394366,0.788732394366207
"1085",21,33,33,0,1,142,-8,2004,"2004BNS043",143.788732394366,1.78873239436621
"1086",21,38,38,0,1,143,-9,2004,"2004BNS044",143.788732394366,0.788732394366207
"1087",23,31,31,0,1,136,-2,2004,"2004BNS046",143.788732394366,7.78873239436621
"1088",34,46,46,0,1,155,-21,2004,"2004BNS054",143.788732394366,-11.2112676056338
"1089",7,29,29,0,1,139,-5,2004,"2004HMW020",143.788732394366,4.78873239436621
"1090",9,31,31,0,1,140,-6,2004,"2004HMW029",143.788732394366,3.78873239436621
"1091",31,33,33,0,1,142,-8,2004,"2004HMW032",143.788732394366,1.78873239436621
"1092",10,36,36,0,1,143,-9,2004,"2004HMW036",143.788732394366,0.788732394366207
"1093",11,31,31,0,1,144,-10,2004,"2004HMW037",143.788732394366,-0.211267605633793
"1094",15,35,35,0,1,148,-14,2004,"2004HMW040",143.788732394366,-4.21126760563379
"1095",16,39,39,0,1,149,-15,2004,"2004HMW046",143.788732394366,-5.21126760563379
"1096",16,33,33,0,1,147,-13,2004,"2004HMW055",143.788732394366,-3.21126760563379
"1097",19,42,42,0,1,152,-18,2004,"2004HMW068",143.788732394366,-8.21126760563379
"1098",19,37,37,0,1,146,-12,2004,"2004HMW070",143.788732394366,-2.21126760563379
"1099",20,38,38,0,1,150,-16,2004,"2004HMW072",143.788732394366,-6.21126760563379
"1100",22,34,34,0,1,147,-13,2004,"2004HMW074",143.788732394366,-3.21126760563379
"1101",21,33,33,0,1,144,-10,2004,"2004HMW076",143.788732394366,-0.211267605633793
"1102",24,45,45,0,1,157,-23,2004,"2004HMW089",143.788732394366,-13.2112676056338
"1103",24,32,32,0,1,141,-7,2004,"2004HMW091",143.788732394366,2.78873239436621
"1104",27,49,49,0,1,160,-26,2004,"2004HMW099",143.788732394366,-16.2112676056338
"1105",34,50,50,0,1,159,-25,2004,"2004HMW110",143.788732394366,-15.2112676056338
"1106",35,40,40,0,1,147,-13,2004,"2004HMW115",143.788732394366,-3.21126760563379
"1107",38,39,39,0,1,148,-14,2004,"2004HMW128",143.788732394366,-4.21126760563379
"1108",39,48,48,0,1,160,-26,2004,"2004HMW130",143.788732394366,-16.2112676056338
"1109",3,23,23,0,1,136,-2,2004,"2004LJV003",143.788732394366,7.78873239436621
"1110",3,25,25,0,1,136,-2,2004,"2004LJV004",143.788732394366,7.78873239436621
"1111",4,26,26,0,1,135,-1,2004,"2004LJV005",143.788732394366,8.78873239436621
"1112",6,24,24,0,1,135,-1,2004,"2004LJV009",143.788732394366,8.78873239436621
"1113",9,32,32,0,1,140,-6,2004,"2004LJV015",143.788732394366,3.78873239436621
"1114",10,25,25,0,1,132,2,2004,"2004LJV018",143.788732394366,11.7887323943662
"1115",11,32,32,0,1,142,-8,2004,"2004LJV022",143.788732394366,1.78873239436621
"1116",11,30,30,0,1,136,-2,2004,"2004LJV023",143.788732394366,7.78873239436621
"1117",14,34,34,0,1,145,-11,2004,"2004LJV026",143.788732394366,-1.21126760563379
"1118",14,24,24,0,1,134,0,2004,"2004LJV028",143.788732394366,9.78873239436621
"1119",14,26,26,0,1,141,-7,2004,"2004LJV031",143.788732394366,2.78873239436621
"1120",14,28,28,0,1,139,-5,2004,"2004LJV032",143.788732394366,4.78873239436621
"1121",15,35,35,0,1,147,-13,2004,"2004LJV034",143.788732394366,-3.21126760563379
"1122",17,35,35,0,1,146,-12,2004,"2004LJV044",143.788732394366,-2.21126760563379
"1123",18,40,40,0,1,151,-17,2004,"2004LJV047",143.788732394366,-7.21126760563379
"1124",20,39,39,0,1,151,-17,2004,"2004LJV056",143.788732394366,-7.21126760563379
"1125",21,25,25,0,1,134,0,2004,"2004LJV059",143.788732394366,9.78873239436621
"1126",21,35,35,0,1,148,-14,2004,"2004LJV064",143.788732394366,-4.21126760563379
"1127",21,30,30,0,1,142,-8,2004,"2004LJV066",143.788732394366,1.78873239436621
"1128",25,41,41,0,1,150,-16,2004,"2004LJV072",143.788732394366,-6.21126760563379
"1129",25,45,45,0,1,157,-23,2004,"2004LJV073",143.788732394366,-13.2112676056338
"1130",38,45,45,0,1,151,-17,2004,"2004LJV091",143.788732394366,-7.21126760563379
"1131",38,48,48,0,1,159,-25,2004,"2004LJV092",143.788732394366,-15.2112676056338
"1132",38,46,46,0,1,155,-21,2004,"2004LJV093",143.788732394366,-11.2112676056338
"1133",13,28,28,0,1,135,-1,2004,"2004MLW001",143.788732394366,8.78873239436621
"1134",14,22,22,0,1,129,5,2004,"2004MLW003",143.788732394366,14.7887323943662
"1135",14,35,35,0,1,145,-11,2004,"2004MLW004",143.788732394366,-1.21126760563379
"1136",14,34,34,0,1,145,-11,2004,"2004MLW009",143.788732394366,-1.21126760563379
"1137",15,35,35,0,1,143,-9,2004,"2004MLW014",143.788732394366,0.788732394366207
"1138",15,32,32,0,1,143,-9,2004,"2004MLW015",143.788732394366,0.788732394366207
"1139",15,30,30,0,1,139,-5,2004,"2004MLW017",143.788732394366,4.78873239436621
"1140",16,38,38,0,1,147,-13,2004,"2004MLW019",143.788732394366,-3.21126760563379
"1141",16,30,30,0,1,138,-4,2004,"2004MLW020",143.788732394366,5.78873239436621
"1142",16,31,31,0,1,140,-6,2004,"2004MLW024",143.788732394366,3.78873239436621
"1143",16,35,35,0,1,144,-10,2004,"2004MLW025",143.788732394366,-0.211267605633793
"1144",17,33,33,0,1,142,-8,2004,"2004MLW027",143.788732394366,1.78873239436621
"1145",17,27,27,0,1,135,-1,2004,"2004MLW029",143.788732394366,8.78873239436621
"1146",17,32,32,0,1,139,-5,2004,"2004MLW032",143.788732394366,4.78873239436621
"1147",17,33,33,0,1,141,-7,2004,"2004MLW034",143.788732394366,2.78873239436621
"1148",21,26,26,0,1,133,1,2004,"2004MLW048",143.788732394366,10.7887323943662
"1149",21,44,44,0,1,152,-18,2004,"2004MLW049",143.788732394366,-8.21126760563379
"1150",21,32,32,0,1,139,-5,2004,"2004MLW050",143.788732394366,4.78873239436621
"1151",21,41,41,0,1,145,-11,2004,"2004MLW051",143.788732394366,-1.21126760563379
"1152",22,35,35,0,1,144,-10,2004,"2004MLW055",143.788732394366,-0.211267605633793
"1153",23,37,37,0,1,145,-11,2004,"2004MLW056",143.788732394366,-1.21126760563379
"1154",29,31,31,0,1,140,-6,2004,"2004MLW071",143.788732394366,3.78873239436621
"1155",29,35,35,0,1,141,-7,2004,"2004MLW073",143.788732394366,2.78873239436621
"1156",30,50,50,0,1,158,-24,2004,"2004MLW074",143.788732394366,-14.2112676056338
"1157",32,38,38,0,1,147,-13,2004,"2004MLW078",143.788732394366,-3.21126760563379
"1158",35,44,44,0,1,153,-19,2004,"2004MLW080",143.788732394366,-9.21126760563379
"1159",39,48,48,0,1,151,-17,2004,"2004MLW082",143.788732394366,-7.21126760563379
"1160",39,41,41,0,1,150,-16,2004,"2004MLW083",143.788732394366,-6.21126760563379
"1161",39,46,46,0,1,154,-20,2004,"2004MLW084",143.788732394366,-10.2112676056338
"1162",13,27,27,0,1,135,-1,2004,"2004TJO003",143.788732394366,8.78873239436621
"1163",13,24,24,0,1,128,6,2004,"2004TJO006",143.788732394366,15.7887323943662
"1164",15,30,30,0,1,137,-3,2004,"2004TJO015",143.788732394366,6.78873239436621
"1165",15,35,35,0,1,145,-11,2004,"2004TJO018",143.788732394366,-1.21126760563379
"1166",15,35,35,0,1,143,-9,2004,"2004TJO026",143.788732394366,0.788732394366207
"1167",16,25,25,0,1,136,-2,2004,"2004TJO031",143.788732394366,7.78873239436621
"1168",16,22,22,0,1,131,3,2004,"2004TJO032",143.788732394366,12.7887323943662
"1169",16,22,22,0,1,131,3,2004,"2004TJO033",143.788732394366,12.7887323943662
"1170",16,26,26,0,1,134,0,2004,"2004TJO034",143.788732394366,9.78873239436621
"1171",16,38,38,0,1,146,-12,2004,"2004TJO035",143.788732394366,-2.21126760563379
"1172",17,37,37,0,1,148,-14,2004,"2004TJO038",143.788732394366,-4.21126760563379
"1173",16,37,37,0,1,144,-10,2004,"2004TJO039",143.788732394366,-0.211267605633793
"1174",17,35,35,0,1,145,-11,2004,"2004TJO042",143.788732394366,-1.21126760563379
"1175",17,33,33,0,1,142,-8,2004,"2004TJO046",143.788732394366,1.78873239436621
"1176",19,32,32,0,1,139,-5,2004,"2004TJO048",143.788732394366,4.78873239436621
"1177",19,41,41,0,1,149,-15,2004,"2004TJO052",143.788732394366,-5.21126760563379
"1178",20,27,27,0,1,133,1,2004,"2004TJO054",143.788732394366,10.7887323943662
"1179",20,43,43,0,1,148,-14,2004,"2004TJO055",143.788732394366,-4.21126760563379
"1180",24,31,31,0,1,138,-4,2004,"2004TJO057",143.788732394366,5.78873239436621
"1181",21,40,40,0,1,143,-9,2004,"2004TJO059",143.788732394366,0.788732394366207
"1182",21,37,37,0,1,143,-9,2004,"2004TJO060",143.788732394366,0.788732394366207
"1183",21,33,33,0,1,136,-2,2004,"2004TJO062",143.788732394366,7.78873239436621
"1184",24,36,36,0,1,145,-11,2004,"2004TJO064",143.788732394366,-1.21126760563379
"1185",28,34,34,0,1,143,-9,2004,"2004TJO067",143.788732394366,0.788732394366207
"1186",29,45,45,0,1,154,-20,2004,"2004TJO069",143.788732394366,-10.2112676056338
"1187",21,21,27,1,1,136,-2,2004,"2004BNS036",143.788732394366,7.78873239436621
"1188",21,28,35,1,1,149,-15,2004,"2004BNS037",143.788732394366,-5.21126760563379
"1189",24,31,38,1,1,149,-15,2004,"2004BNS051",143.788732394366,-5.21126760563379
"1190",32,32,42,1,1,163,-29,2004,"2004BNS053",143.788732394366,-19.2112676056338
"1191",1,1,17,1,1,134,0,2004,"2004HMW002",143.788732394366,9.78873239436621
"1192",2,2,10,1,1,135,-1,2004,"2004HMW003",143.788732394366,8.78873239436621
"1193",35,35,44,1,1,156,-22,2004,"2004HMW111",143.788732394366,-12.2112676056338
"1194",10,18,28,1,1,137,-3,2004,"2004LJV020",143.788732394366,6.78873239436621
"1195",20,20,27,1,1,153,-19,2004,"2004LJV055",143.788732394366,-9.21126760563379
"1196",15,15,22,1,1,146,-12,2004,"2004MLW018",143.788732394366,-2.21126760563379
"1197",18,18,25,1,1,146,-12,2004,"2004MLW036",143.788732394366,-2.21126760563379
"1198",23,23,31,1,1,141,-7,2004,"2004MLW060",143.788732394366,2.78873239436621
"1199",23,38,40,1,1,148,-14,2004,"2004MLW061",143.788732394366,-4.21126760563379
"1200",17,39,42,1,1,148,-14,2004,"2004TJO040",143.788732394366,-4.21126760563379
"1201",17,17,24,1,1,138,-4,2004,"2004TJO045",143.788732394366,5.78873239436621
"1202",19,19,25,1,1,134,0,2004,"2004TJO051",143.788732394366,9.78873239436621
"1203",24,42,43,1,1,149,-15,2004,"2004TJO056",143.788732394366,-5.21126760563379
"1204",29,43,44,1,1,154,-20,2004,"2004TJO068",143.788732394366,-10.2112676056338
"1205",45,45,46,1,1,157,-23,2004,"2004TJO074",143.788732394366,-13.2112676056338
"1206",47,50,50,0,1,158,-24,2004,"2004LJV101",143.788732394366,-14.2112676056338
"1207",39,50,50,0,1,161,-27,2004,"2004TJO073",143.788732394366,-17.2112676056338
"1208",1,17,17,0,1,137,11,2005,"2005BCL002",144.014598540146,7.01459854014598
"1209",1,23,23,0,1,143,5,2005,"2005BCL003",144.014598540146,1.01459854014598
"1210",1,18,18,0,1,139,9,2005,"2005BCL005",144.014598540146,5.01459854014598
"1211",1,19,19,0,1,137,11,2005,"2005BCL007",144.014598540146,7.01459854014598
"1212",2,16,16,0,1,138,10,2005,"2005BCL020",144.014598540146,6.01459854014598
"1213",4,20,20,0,1,139,9,2005,"2005BCL027",144.014598540146,5.01459854014598
"1214",4,15,15,0,1,133,15,2005,"2005BCL032",144.014598540146,11.014598540146
"1215",5,15,15,0,1,138,10,2005,"2005BCL034",144.014598540146,6.01459854014598
"1216",5,15,15,0,1,134,14,2005,"2005BCL036",144.014598540146,10.014598540146
"1217",5,28,28,0,1,150,-2,2005,"2005BCL037",144.014598540146,-5.98540145985402
"1218",5,23,23,0,1,146,2,2005,"2005BCL038",144.014598540146,-1.98540145985402
"1219",5,27,27,0,1,150,-2,2005,"2005BCL039",144.014598540146,-5.98540145985402
"1220",6,30,30,0,1,151,-3,2005,"2005BCL043",144.014598540146,-6.98540145985402
"1221",6,15,15,0,1,135,13,2005,"2005BCL044",144.014598540146,9.01459854014598
"1222",6,21,21,0,1,141,7,2005,"2005BCL047",144.014598540146,3.01459854014598
"1223",6,21,21,0,1,139,9,2005,"2005BCL048",144.014598540146,5.01459854014598
"1224",7,13,13,0,1,136,12,2005,"2005BCL049",144.014598540146,8.01459854014598
"1225",8,22,22,0,1,139,9,2005,"2005BCL052",144.014598540146,5.01459854014598
"1226",8,15,15,0,1,136,12,2005,"2005BCL053",144.014598540146,8.01459854014598
"1227",8,17,17,0,1,136,12,2005,"2005BCL054",144.014598540146,8.01459854014598
"1228",10,23,23,0,1,155,-7,2005,"2005BCL059",144.014598540146,-10.985401459854
"1229",11,28,28,0,1,146,2,2005,"2005BCL061",144.014598540146,-1.98540145985402
"1230",1,21,21,0,1,146,2,2005,"2005MLW001",144.014598540146,-1.98540145985402
"1231",1,14,14,0,1,137,11,2005,"2005MLW005",144.014598540146,7.01459854014598
"1232",2,16,16,0,1,138,10,2005,"2005MLW008",144.014598540146,6.01459854014598
"1233",2,12,12,0,1,134,14,2005,"2005MLW009",144.014598540146,10.014598540146
"1234",3,21,21,0,1,145,3,2005,"2005MLW012",144.014598540146,-0.985401459854018
"1235",3,17,17,0,1,139,9,2005,"2005MLW013",144.014598540146,5.01459854014598
"1236",3,17,17,0,1,139,9,2005,"2005MLW015",144.014598540146,5.01459854014598
"1237",5,21,21,0,1,141,7,2005,"2005MLW020",144.014598540146,3.01459854014598
"1238",5,18,18,0,1,137,11,2005,"2005MLW021",144.014598540146,7.01459854014598
"1239",5,26,26,0,1,150,-2,2005,"2005MLW022",144.014598540146,-5.98540145985402
"1240",6,28,28,0,1,151,-3,2005,"2005MLW025",144.014598540146,-6.98540145985402
"1241",6,18,18,0,1,142,6,2005,"2005MLW027",144.014598540146,2.01459854014598
"1242",6,21,21,0,1,142,6,2005,"2005MLW031",144.014598540146,2.01459854014598
"1243",7,24,24,0,1,146,2,2005,"2005MLW034",144.014598540146,-1.98540145985402
"1244",8,20,20,0,1,142,6,2005,"2005MLW043",144.014598540146,2.01459854014598
"1245",14,30,30,0,1,150,-2,2005,"2005MLW047",144.014598540146,-5.98540145985402
"1246",3,16,16,0,1,142,6,2005,"2005PLF005",144.014598540146,2.01459854014598
"1247",3,16,16,0,1,144,4,2005,"2005PLF008",144.014598540146,0.0145985401459825
"1248",3,13,13,0,1,142,6,2005,"2005PLF013",144.014598540146,2.01459854014598
"1249",3,20,20,0,1,144,4,2005,"2005PLF014",144.014598540146,0.0145985401459825
"1250",3,20,20,0,1,145,3,2005,"2005SEA002",144.014598540146,-0.985401459854018
"1251",3,24,24,0,1,145,3,2005,"2005SEA003",144.014598540146,-0.985401459854018
"1252",3,17,17,0,1,140,8,2005,"2005SEA004",144.014598540146,4.01459854014598
"1253",4,17,17,0,1,140,8,2005,"2005SEA005",144.014598540146,4.01459854014598
"1254",4,13,13,0,1,133,15,2005,"2005SEA006",144.014598540146,11.014598540146
"1255",4,20,20,0,1,143,5,2005,"2005SEA009",144.014598540146,1.01459854014598
"1256",5,11,11,0,1,134,14,2005,"2005SEA011",144.014598540146,10.014598540146
"1257",7,28,28,0,1,148,0,2005,"2005SEA012",144.014598540146,-3.98540145985402
"1258",7,22,22,0,1,137,11,2005,"2005SEA013",144.014598540146,7.01459854014598
"1259",7,16,16,0,1,143,5,2005,"2005SEA014",144.014598540146,1.01459854014598
"1260",7,20,20,0,1,136,12,2005,"2005SEA015",144.014598540146,8.01459854014598
"1261",11,23,23,0,1,147,1,2005,"2005SEA018",144.014598540146,-2.98540145985402
"1262",11,28,28,0,1,153,-5,2005,"2005SEA019",144.014598540146,-8.98540145985402
"1263",8,12,12,0,1,133,15,2005,"2005SEA020",144.014598540146,11.014598540146
"1264",18,20,20,0,1,144,4,2005,"2005SEA023",144.014598540146,0.0145985401459825
"1265",1,12,12,0,1,137,11,2005,"2005TJO002",144.014598540146,7.01459854014598
"1266",1,19,19,0,1,140,8,2005,"2005TJO003",144.014598540146,4.01459854014598
"1267",1,22,22,0,1,143,5,2005,"2005TJO004",144.014598540146,1.01459854014598
"1268",1,13,13,0,1,136,12,2005,"2005TJO005",144.014598540146,8.01459854014598
"1269",1,17,17,0,1,137,11,2005,"2005TJO006",144.014598540146,7.01459854014598
"1270",1,22,22,0,1,140,8,2005,"2005TJO008",144.014598540146,4.01459854014598
"1271",3,23,23,0,1,145,3,2005,"2005TJO010",144.014598540146,-0.985401459854018
"1272",4,21,21,0,1,146,2,2005,"2005TJO014",144.014598540146,-1.98540145985402
"1273",4,16,16,0,1,136,12,2005,"2005TJO016",144.014598540146,8.01459854014598
"1274",5,15,15,0,1,134,14,2005,"2005TJO017",144.014598540146,10.014598540146
"1275",5,19,19,0,1,141,7,2005,"2005TJO019",144.014598540146,3.01459854014598
"1276",5,27,27,0,1,149,-1,2005,"2005TJO020",144.014598540146,-4.98540145985402
"1277",5,25,25,0,1,147,1,2005,"2005TJO021",144.014598540146,-2.98540145985402
"1278",5,15,15,0,1,139,9,2005,"2005TJO022",144.014598540146,5.01459854014598
"1279",6,15,15,0,1,135,13,2005,"2005TJO024",144.014598540146,9.01459854014598
"1280",6,19,19,0,1,138,10,2005,"2005TJO027",144.014598540146,6.01459854014598
"1281",6,19,19,0,1,142,6,2005,"2005TJO028",144.014598540146,2.01459854014598
"1282",6,19,19,0,1,140,8,2005,"2005TJO029",144.014598540146,4.01459854014598
"1283",6,25,25,0,1,150,-2,2005,"2005TJO030",144.014598540146,-5.98540145985402
"1284",6,15,15,0,1,135,13,2005,"2005TJO036",144.014598540146,9.01459854014598
"1285",6,15,15,0,1,135,13,2005,"2005TJO037",144.014598540146,9.01459854014598
"1286",7,20,20,0,1,143,5,2005,"2005TJO040",144.014598540146,1.01459854014598
"1287",11,16,16,0,1,139,9,2005,"2005TJO044",144.014598540146,5.01459854014598
"1288",19,28,28,0,1,153,-5,2005,"2005TJO047",144.014598540146,-8.98540145985402
"1289",19,33,33,0,1,153,-5,2005,"2005TJO048",144.014598540146,-8.98540145985402
"1290",19,32,32,0,1,155,-7,2005,"2005TJO049",144.014598540146,-10.985401459854
"1291",22,24,24,0,1,146,2,2005,"2005TJO051",144.014598540146,-1.98540145985402
"1292",1,14,14,0,1,139,9,2005,"2005TRJ001",144.014598540146,5.01459854014598
"1293",3,18,18,0,1,141,7,2005,"2005TRJ007",144.014598540146,3.01459854014598
"1294",3,17,17,0,1,141,7,2005,"2005TRJ012",144.014598540146,3.01459854014598
"1295",3,25,25,0,1,150,-2,2005,"2005TRJ013",144.014598540146,-5.98540145985402
"1296",3,13,13,0,1,138,10,2005,"2005TRJ014",144.014598540146,6.01459854014598
"1297",3,21,21,0,1,137,11,2005,"2005TRJ015",144.014598540146,7.01459854014598
"1298",4,27,27,0,1,151,-3,2005,"2005TRJ018",144.014598540146,-6.98540145985402
"1299",4,27,27,0,1,151,-3,2005,"2005TRJ019",144.014598540146,-6.98540145985402
"1300",4,27,27,0,1,151,-3,2005,"2005TRJ021",144.014598540146,-6.98540145985402
"1301",4,19,19,0,1,142,6,2005,"2005TRJ023",144.014598540146,2.01459854014598
"1302",5,20,20,0,1,139,9,2005,"2005TRJ026",144.014598540146,5.01459854014598
"1303",5,20,20,0,1,143,5,2005,"2005TRJ028",144.014598540146,1.01459854014598
"1304",5,30,30,0,1,152,-4,2005,"2005TRJ029",144.014598540146,-7.98540145985402
"1305",5,24,24,0,1,149,-1,2005,"2005TRJ031",144.014598540146,-4.98540145985402
"1306",6,24,24,0,1,149,-1,2005,"2005TRJ035",144.014598540146,-4.98540145985402
"1307",6,23,23,0,1,144,4,2005,"2005TRJ038",144.014598540146,0.0145985401459825
"1308",7,21,21,0,1,139,9,2005,"2005TRJ041",144.014598540146,5.01459854014598
"1309",7,31,31,0,1,149,-1,2005,"2005TRJ044",144.014598540146,-4.98540145985402
"1310",25,26,26,0,1,149,-1,2005,"2005TRJ067",144.014598540146,-4.98540145985402
"1311",5,12,13,1,1,134,14,2005,"2005BCL035",144.014598540146,10.014598540146
"1312",1,16,21,1,1,146,2,2005,"2005MLW006",144.014598540146,-1.98540145985402
"1313",4,25,27,1,1,149,-1,2005,"2005MLW017",144.014598540146,-4.98540145985402
"1314",14,14,22,1,1,150,-2,2005,"2005MLW049",144.014598540146,-5.98540145985402
"1315",3,10,17,1,1,149,-1,2005,"2005PLF001",144.014598540146,-4.98540145985402
"1316",4,4,11,1,1,143,5,2005,"2005SEA007",144.014598540146,1.01459854014598
"1317",3,20,22,1,1,138,10,2005,"2005TJO011",144.014598540146,6.01459854014598
"1318",3,10,11,1,1,148,0,2005,"2005TJO012",144.014598540146,-3.98540145985402
"1319",5,5,12,1,1,148,0,2005,"2005TJO018",144.014598540146,-3.98540145985402
"1320",7,22,24,1,1,143,5,2005,"2005TJO041",144.014598540146,1.01459854014598
"1321",4,13,15,1,1,136,12,2005,"2005TRJ016",144.014598540146,8.01459854014598
"1322",4,19,20,1,1,142,6,2005,"2005TRJ020",144.014598540146,2.01459854014598
"1323",3,22,22,0,1,142,6,2005,"2005BCL023",144.014598540146,2.01459854014598
"1324",3,22,22,0,1,139,9,2005,"2005BCL025",144.014598540146,5.01459854014598
"1325",10,32,32,0,1,155,-7,2005,"2005BCL060",144.014598540146,-10.985401459854
"1326",14,30,30,0,1,161,-13,2005,"2005BCL063",144.014598540146,-16.985401459854
"1327",19,26,26,0,1,157,-9,2005,"2005BCL064",144.014598540146,-12.985401459854
"1328",22,32,32,0,1,160,-12,2005,"2005BCL065",144.014598540146,-15.985401459854
"1329",23,31,31,0,1,156,-8,2005,"2005BCL066",144.014598540146,-11.985401459854
"1330",1,28,28,0,1,146,2,2005,"2005MLW007",144.014598540146,-1.98540145985402
"1331",6,27,27,0,1,151,-3,2005,"2005MLW026",144.014598540146,-6.98540145985402
"1332",17,29,29,0,1,162,-14,2005,"2005MLW051",144.014598540146,-17.985401459854
"1333",22,29,29,0,1,158,-10,2005,"2005MLW055",144.014598540146,-13.985401459854
"1334",24,32,32,0,1,153,-5,2005,"2005MLW057",144.014598540146,-8.98540145985402
"1335",14,27,27,0,1,156,-8,2005,"2005SEA024",144.014598540146,-11.985401459854
"1336",1,16,16,0,1,141,7,2005,"2005TJO001",144.014598540146,3.01459854014598
"1337",5,11,11,0,1,147,1,2005,"2005TJO023",144.014598540146,-2.98540145985402
"1338",7,28,28,0,1,152,-4,2005,"2005TJO042",144.014598540146,-7.98540145985402
"1339",19,31,31,0,1,148,0,2005,"2005TJO045",144.014598540146,-3.98540145985402
"1340",3,24,24,0,1,145,3,2005,"2005TRJ011",144.014598540146,-0.985401459854018
"1341",6,24,24,0,1,149,-1,2005,"2005TRJ037",144.014598540146,-4.98540145985402
"1342",12,29,29,0,1,154,-6,2005,"2005TRJ063",144.014598540146,-9.98540145985402
"1343",13,32,32,0,1,157,-9,2005,"2005TRJ065",144.014598540146,-12.985401459854
"1344",13,31,31,0,1,157,-9,2005,"2005TRJ066",144.014598540146,-12.985401459854
"1345",3,24,24,0,1,149,2,2006,"2006BCL002",154.994047619048,5.99404761904762
"1346",5,26,26,0,1,155,-4,2006,"2006BCL013",154.994047619048,-0.0059523809523796
"1347",6,28,28,0,1,150,1,2006,"2006BCL017",154.994047619048,4.99404761904762
"1348",8,30,30,0,1,153,-2,2006,"2006BCL025",154.994047619048,1.99404761904762
"1349",8,30,30,0,1,153,-2,2006,"2006BCL026",154.994047619048,1.99404761904762
"1350",9,32,32,0,1,157,-6,2006,"2006BCL029",154.994047619048,-2.00595238095238
"1351",9,28,28,0,1,157,-6,2006,"2006BCL030",154.994047619048,-2.00595238095238
"1352",9,30,30,0,1,157,-6,2006,"2006BCL033",154.994047619048,-2.00595238095238
"1353",9,31,31,0,1,159,-8,2006,"2006BCL040",154.994047619048,-4.00595238095238
"1354",12,34,34,0,1,162,-11,2006,"2006BCL042",154.994047619048,-7.00595238095238
"1355",12,27,27,0,1,151,0,2006,"2006BCL043",154.994047619048,3.99404761904762
"1356",12,30,30,0,1,153,-2,2006,"2006BCL044",154.994047619048,1.99404761904762
"1357",12,26,26,0,1,151,0,2006,"2006BCL045",154.994047619048,3.99404761904762
"1358",16,23,23,0,1,149,2,2006,"2006BCL050",154.994047619048,5.99404761904762
"1359",16,28,28,0,1,154,-3,2006,"2006BCL052",154.994047619048,0.99404761904762
"1360",16,28,28,0,1,156,-5,2006,"2006BCL053",154.994047619048,-1.00595238095238
"1361",16,25,25,0,1,148,3,2006,"2006BCL055",154.994047619048,6.99404761904762
"1362",16,30,30,0,1,155,-4,2006,"2006BCL056",154.994047619048,-0.0059523809523796
"1363",17,36,36,0,1,161,-10,2006,"2006BCL060",154.994047619048,-6.00595238095238
"1364",17,27,27,0,1,158,-7,2006,"2006BCL062",154.994047619048,-3.00595238095238
"1365",25,30,30,0,1,156,-5,2006,"2006BCL072",154.994047619048,-1.00595238095238
"1366",3,25,25,0,1,148,3,2006,"2006DCP021",154.994047619048,6.99404761904762
"1367",4,26,26,0,1,149,2,2006,"2006DCP022",154.994047619048,5.99404761904762
"1368",6,27,27,0,1,154,-3,2006,"2006DCP024",154.994047619048,0.99404761904762
"1369",6,32,32,0,1,154,-3,2006,"2006DCP027",154.994047619048,0.99404761904762
"1370",8,29,29,0,1,156,-5,2006,"2006DCP031",154.994047619048,-1.00595238095238
"1371",9,29,29,0,1,154,-3,2006,"2006DCP035",154.994047619048,0.99404761904762
"1372",9,34,34,0,1,157,-6,2006,"2006DCP036",154.994047619048,-2.00595238095238
"1373",9,30,30,0,1,152,-1,2006,"2006DCP037",154.994047619048,2.99404761904762
"1374",9,32,32,0,1,157,-6,2006,"2006DCP038",154.994047619048,-2.00595238095238
"1375",13,33,33,0,1,152,-1,2006,"2006DCP039",154.994047619048,2.99404761904762
"1376",12,27,27,0,1,151,0,2006,"2006DCP041",154.994047619048,3.99404761904762
"1377",15,27,27,0,1,147,4,2006,"2006DCP045",154.994047619048,7.99404761904762
"1378",17,28,28,0,1,149,2,2006,"2006DCP048",154.994047619048,5.99404761904762
"1379",17,32,32,0,1,152,-1,2006,"2006DCP049",154.994047619048,2.99404761904762
"1380",18,33,33,0,1,153,-2,2006,"2006DCP050",154.994047619048,1.99404761904762
"1381",18,35,35,0,1,157,-6,2006,"2006DCP051",154.994047619048,-2.00595238095238
"1382",18,30,30,0,1,155,-4,2006,"2006DCP052",154.994047619048,-0.0059523809523796
"1383",18,34,34,0,1,157,-6,2006,"2006DCP053",154.994047619048,-2.00595238095238
"1384",18,33,33,0,1,157,-6,2006,"2006DCP055",154.994047619048,-2.00595238095238
"1385",19,33,33,0,1,158,-7,2006,"2006DCP057",154.994047619048,-3.00595238095238
"1386",27,30,30,0,1,158,-7,2006,"2006DCP062",154.994047619048,-3.00595238095238
"1387",1,25,25,0,1,149,2,2006,"2006GPL008",154.994047619048,5.99404761904762
"1388",3,22,22,0,1,151,0,2006,"2006GPL033",154.994047619048,3.99404761904762
"1389",4,26,26,0,1,149,2,2006,"2006GPL037",154.994047619048,5.99404761904762
"1390",6,28,28,0,1,154,-3,2006,"2006GPL041",154.994047619048,0.99404761904762
"1391",7,21,21,0,1,148,3,2006,"2006GPL059",154.994047619048,6.99404761904762
"1392",8,26,26,0,1,149,2,2006,"2006GPL064",154.994047619048,5.99404761904762
"1393",8,27,27,0,1,153,-2,2006,"2006GPL068",154.994047619048,1.99404761904762
"1394",9,28,28,0,1,154,-3,2006,"2006GPL070",154.994047619048,0.99404761904762
"1395",9,29,29,0,1,154,-3,2006,"2006GPL071",154.994047619048,0.99404761904762
"1396",9,22,22,0,1,150,1,2006,"2006GPL073",154.994047619048,4.99404761904762
"1397",12,25,25,0,1,149,2,2006,"2006GPL075",154.994047619048,5.99404761904762
"1398",15,21,21,0,1,147,4,2006,"2006GPL076",154.994047619048,7.99404761904762
"1399",16,32,32,0,1,161,-10,2006,"2006GPL078",154.994047619048,-6.00595238095238
"1400",16,32,32,0,1,161,-10,2006,"2006GPL080",154.994047619048,-6.00595238095238
"1401",16,28,28,0,1,157,-6,2006,"2006GPL081",154.994047619048,-2.00595238095238
"1402",16,32,32,0,1,157,-6,2006,"2006GPL082",154.994047619048,-2.00595238095238
"1403",16,30,30,0,1,153,-2,2006,"2006GPL084",154.994047619048,1.99404761904762
"1404",17,21,21,0,1,147,4,2006,"2006GPL089",154.994047619048,7.99404761904762
"1405",18,32,32,0,1,154,-3,2006,"2006GPL092",154.994047619048,0.99404761904762
"1406",19,28,28,0,1,154,-3,2006,"2006GPL094",154.994047619048,0.99404761904762
"1407",21,22,22,0,1,148,3,2006,"2006GPL095",154.994047619048,6.99404761904762
"1408",21,31,31,0,1,156,-5,2006,"2006GPL096",154.994047619048,-1.00595238095238
"1409",25,26,26,0,1,152,-1,2006,"2006GPL100",154.994047619048,2.99404761904762
"1410",25,35,35,0,1,157,-6,2006,"2006GPL102",154.994047619048,-2.00595238095238
"1411",4,24,24,0,1,152,-1,2006,"2006JJR026",154.994047619048,2.99404761904762
"1412",4,30,30,0,1,152,-1,2006,"2006JJR029",154.994047619048,2.99404761904762
"1413",6,24,24,0,1,151,0,2006,"2006JJR030",154.994047619048,3.99404761904762
"1414",7,27,27,0,1,152,-1,2006,"2006JJR041",154.994047619048,2.99404761904762
"1415",8,28,28,0,1,150,1,2006,"2006JJR043",154.994047619048,4.99404761904762
"1416",8,30,30,0,1,156,-5,2006,"2006JJR044",154.994047619048,-1.00595238095238
"1417",8,28,28,0,1,153,-2,2006,"2006JJR047",154.994047619048,1.99404761904762
"1418",8,28,28,0,1,153,-2,2006,"2006JJR048",154.994047619048,1.99404761904762
"1419",9,30,30,0,1,154,-3,2006,"2006JJR052",154.994047619048,0.99404761904762
"1420",9,29,29,0,1,154,-3,2006,"2006JJR053",154.994047619048,0.99404761904762
"1421",9,32,32,0,1,159,-8,2006,"2006JJR055",154.994047619048,-4.00595238095238
"1422",11,27,27,0,1,151,0,2006,"2006JJR059",154.994047619048,3.99404761904762
"1423",12,30,30,0,1,154,-3,2006,"2006JJR063",154.994047619048,0.99404761904762
"1424",12,28,28,0,1,151,0,2006,"2006JJR064",154.994047619048,3.99404761904762
"1425",12,35,35,0,1,160,-9,2006,"2006JJR065",154.994047619048,-5.00595238095238
"1426",12,30,30,0,1,154,-3,2006,"2006JJR066",154.994047619048,0.99404761904762
"1427",16,33,33,0,1,158,-7,2006,"2006JJR070",154.994047619048,-3.00595238095238
"1428",16,29,29,0,1,148,3,2006,"2006JJR072",154.994047619048,6.99404761904762
"1429",17,33,33,0,1,156,-5,2006,"2006JJR074",154.994047619048,-1.00595238095238
"1430",17,26,26,0,1,156,-5,2006,"2006JJR076",154.994047619048,-1.00595238095238
"1431",17,38,38,0,1,159,-8,2006,"2006JJR077",154.994047619048,-4.00595238095238
"1432",17,23,23,0,1,149,2,2006,"2006JJR079",154.994047619048,5.99404761904762
"1433",18,30,30,0,1,150,1,2006,"2006JJR083",154.994047619048,4.99404761904762
"1434",19,28,28,0,1,148,3,2006,"2006JJR084",154.994047619048,6.99404761904762
"1435",19,31,31,0,1,151,0,2006,"2006JJR085",154.994047619048,3.99404761904762
"1436",20,27,27,0,1,152,-1,2006,"2006JJR088",154.994047619048,2.99404761904762
"1437",21,35,35,0,1,155,-4,2006,"2006JJR093",154.994047619048,-0.0059523809523796
"1438",24,30,30,0,1,153,-2,2006,"2006JJR095",154.994047619048,1.99404761904762
"1439",25,29,29,0,1,155,-4,2006,"2006JJR096",154.994047619048,-0.0059523809523796
"1440",3,32,32,0,1,151,0,2006,"2006MSS024",154.994047619048,3.99404761904762
"1441",3,26,26,0,1,151,0,2006,"2006MSS027",154.994047619048,3.99404761904762
"1442",3,26,26,0,1,148,3,2006,"2006MSS028",154.994047619048,6.99404761904762
"1443",4,28,28,0,1,152,-1,2006,"2006MSS029",154.994047619048,2.99404761904762
"1444",6,33,33,0,1,154,-3,2006,"2006MSS031",154.994047619048,0.99404761904762
"1445",18,27,27,0,1,150,1,2006,"2006MSS032",154.994047619048,4.99404761904762
"1446",6,30,30,0,1,154,-3,2006,"2006MSS035",154.994047619048,0.99404761904762
"1447",19,27,27,0,1,151,0,2006,"2006MSS040",154.994047619048,3.99404761904762
"1448",7,27,27,0,1,155,-4,2006,"2006MSS041",154.994047619048,-0.0059523809523796
"1449",8,30,30,0,1,153,-2,2006,"2006MSS044",154.994047619048,1.99404761904762
"1450",9,27,27,0,1,154,-3,2006,"2006MSS046",154.994047619048,0.99404761904762
"1451",9,33,33,0,1,157,-6,2006,"2006MSS048",154.994047619048,-2.00595238095238
"1452",9,32,32,0,1,157,-6,2006,"2006MSS049",154.994047619048,-2.00595238095238
"1453",9,29,29,0,1,157,-6,2006,"2006MSS050",154.994047619048,-2.00595238095238
"1454",11,26,26,0,1,153,-2,2006,"2006MSS051",154.994047619048,1.99404761904762
"1455",13,27,27,0,1,154,-3,2006,"2006MSS052",154.994047619048,0.99404761904762
"1456",15,27,27,0,1,146,5,2006,"2006MSS053",154.994047619048,8.99404761904762
"1457",16,30,30,0,1,155,-4,2006,"2006MSS057",154.994047619048,-0.0059523809523796
"1458",17,28,28,0,1,153,-2,2006,"2006MSS063",154.994047619048,1.99404761904762
"1459",17,35,35,0,1,159,-8,2006,"2006MSS065",154.994047619048,-4.00595238095238
"1460",18,33,33,0,1,155,-4,2006,"2006MSS066",154.994047619048,-0.0059523809523796
"1461",18,33,33,0,1,157,-6,2006,"2006MSS067",154.994047619048,-2.00595238095238
"1462",18,32,32,0,1,157,-6,2006,"2006MSS068",154.994047619048,-2.00595238095238
"1463",19,29,29,0,1,153,-2,2006,"2006MSS073",154.994047619048,1.99404761904762
"1464",22,31,31,0,1,154,-3,2006,"2006MSS076",154.994047619048,0.99404761904762
"1465",24,30,30,0,1,156,-5,2006,"2006MSS078",154.994047619048,-1.00595238095238
"1466",34,35,35,0,1,161,-10,2006,"2006MSS079",154.994047619048,-6.00595238095238
"1467",23,28,28,0,1,154,-3,2006,"2006PLF083",154.994047619048,0.99404761904762
"1468",4,23,28,1,1,148,3,2006,"2006BCL007",154.994047619048,6.99404761904762
"1469",4,4,17,1,1,154,-3,2006,"2006BCL010",154.994047619048,0.99404761904762
"1470",6,6,17,1,1,156,-5,2006,"2006BCL015",154.994047619048,-1.00595238095238
"1471",7,19,23,1,1,148,3,2006,"2006BCL022",154.994047619048,6.99404761904762
"1472",9,9,21,1,1,157,-6,2006,"2006BCL037",154.994047619048,-2.00595238095238
"1473",15,15,22,1,1,165,-14,2006,"2006BCL049",154.994047619048,-10.0059523809524
"1474",16,22,28,1,1,155,-4,2006,"2006BCL051",154.994047619048,-0.0059523809523796
"1475",16,22,30,1,1,159,-8,2006,"2006BCL057",154.994047619048,-4.00595238095238
"1476",18,18,25,1,1,156,-5,2006,"2006BCL065",154.994047619048,-1.00595238095238
"1477",7,19,24,1,1,152,-1,2006,"2006DCP030",154.994047619048,2.99404761904762
"1478",12,31,33,1,1,157,-6,2006,"2006DCP042",154.994047619048,-2.00595238095238
"1479",16,16,22,1,1,161,-10,2006,"2006DCP047",154.994047619048,-6.00595238095238
"1480",6,6,18,1,1,154,-3,2006,"2006GPL042",154.994047619048,0.99404761904762
"1481",8,8,20,1,1,153,-2,2006,"2006GPL061",154.994047619048,1.99404761904762
"1482",15,15,24,1,1,160,-9,2006,"2006GPL077",154.994047619048,-5.00595238095238
"1483",17,17,24,1,1,164,-13,2006,"2006GPL088",154.994047619048,-9.00595238095238
"1484",7,7,19,1,1,155,-4,2006,"2006JJR042",154.994047619048,-0.0059523809523796
"1485",8,8,20,1,1,153,-2,2006,"2006JJR045",154.994047619048,1.99404761904762
"1486",9,21,29,1,1,151,0,2006,"2006JJR054",154.994047619048,3.99404761904762
"1487",9,9,21,1,1,157,-6,2006,"2006JJR057",154.994047619048,-2.00595238095238
"1488",19,19,25,1,1,151,0,2006,"2006JJR087",154.994047619048,3.99404761904762
"1489",29,29,31,1,1,177,-26,2006,"2006JJR097",154.994047619048,-22.0059523809524
"1490",4,17,24,1,1,152,-1,2006,"2006MSS030",154.994047619048,2.99404761904762
"1491",6,18,25,1,1,154,-3,2006,"2006MSS037",154.994047619048,0.99404761904762
"1492",7,7,19,1,1,152,-1,2006,"2006MSS038",154.994047619048,2.99404761904762
"1493",7,7,19,1,1,155,-4,2006,"2006MSS043",154.994047619048,-0.0059523809523796
"1494",9,9,21,1,1,157,-6,2006,"2006MSS045",154.994047619048,-2.00595238095238
"1495",17,17,23,1,1,158,-7,2006,"2006MSS064",154.994047619048,-3.00595238095238
"1496",19,19,27,1,1,167,-16,2006,"2006MSS072",154.994047619048,-12.0059523809524
"1497",5,25,25,0,1,151,0,2006,"2006BCL011",154.994047619048,3.99404761904762
"1498",21,36,36,0,1,162,-11,2006,"2006BCL069",154.994047619048,-7.00595238095238
"1499",21,36,36,0,1,171,-20,2006,"2006BCL070",154.994047619048,-16.0059523809524
"1500",21,38,38,0,1,164,-13,2006,"2006BCL071",154.994047619048,-9.00595238095238
"1501",30,39,39,0,1,166,-15,2006,"2006BCL073",154.994047619048,-11.0059523809524
"1502",20,35,35,0,1,168,-17,2006,"2006DCP058",154.994047619048,-13.0059523809524
"1503",20,35,35,0,1,165,-14,2006,"2006DCP060",154.994047619048,-10.0059523809524
"1504",18,32,32,0,1,166,-15,2006,"2006GPL091",154.994047619048,-11.0059523809524
"1505",25,39,39,0,1,169,-18,2006,"2006GPL101",154.994047619048,-14.0059523809524
"1506",4,26,26,0,1,149,2,2006,"2006JJR023",154.994047619048,5.99404761904762
"1507",9,24,24,0,1,148,3,2006,"2006JJR049",154.994047619048,6.99404761904762
"1508",17,38,38,0,1,162,-11,2006,"2006JJR075",154.994047619048,-7.00595238095238
"1509",22,38,38,0,1,167,-16,2006,"2006JJR094",154.994047619048,-12.0059523809524
"1510",19,39,39,0,1,167,-16,2006,"2006MSS071",154.994047619048,-12.0059523809524
"1511",19,36,36,0,1,167,-16,2006,"2006PLF029",154.994047619048,-12.0059523809524
"1512",31,39,39,0,1,167,-16,2006,"2006PLF122",154.994047619048,-12.0059523809524
"1513",12,25,25,0,1,144,0,2007,"2007BCL004",148.057803468208,4.05780346820808
"1514",12,28,28,0,1,148,-4,2007,"2007BCL006",148.057803468208,0.0578034682080784
"1515",12,24,24,0,1,142,2,2007,"2007BCL007",148.057803468208,6.05780346820808
"1516",3,23,23,0,1,140,4,2007,"2007BCL013",148.057803468208,8.05780346820808
"1517",3,25,25,0,1,146,-2,2007,"2007BCL015",148.057803468208,2.05780346820808
"1518",5,26,26,0,1,142,2,2007,"2007BCL020",148.057803468208,6.05780346820808
"1519",6,31,31,0,1,149,-5,2007,"2007BCL027",148.057803468208,-0.942196531791922
"1520",7,25,25,0,1,145,-1,2007,"2007BCL031",148.057803468208,3.05780346820808
"1521",7,25,25,0,1,143,1,2007,"2007BCL036",148.057803468208,5.05780346820808
"1522",7,31,31,0,1,150,-6,2007,"2007BCL039",148.057803468208,-1.94219653179192
"1523",7,29,29,0,1,148,-4,2007,"2007BCL040",148.057803468208,0.0578034682080784
"1524",8,30,30,0,1,151,-7,2007,"2007BCL044",148.057803468208,-2.94219653179192
"1525",8,30,30,0,1,151,-7,2007,"2007BCL045",148.057803468208,-2.94219653179192
"1526",8,29,29,0,1,151,-7,2007,"2007BCL047",148.057803468208,-2.94219653179192
"1527",8,30,30,0,1,151,-7,2007,"2007BCL048",148.057803468208,-2.94219653179192
"1528",8,29,29,0,1,149,-5,2007,"2007BCL049",148.057803468208,-0.942196531791922
"1529",8,24,24,0,1,142,2,2007,"2007BCL052",148.057803468208,6.05780346820808
"1530",8,26,26,0,1,140,4,2007,"2007BCL055",148.057803468208,8.05780346820808
"1531",9,26,26,0,1,143,1,2007,"2007BCL056",148.057803468208,5.05780346820808
"1532",10,27,27,0,1,146,-2,2007,"2007BCL060",148.057803468208,2.05780346820808
"1533",10,29,29,0,1,146,-2,2007,"2007BCL061",148.057803468208,2.05780346820808
"1534",12,25,25,0,1,144,0,2007,"2007BCL063",148.057803468208,4.05780346820808
"1535",12,31,31,0,1,151,-7,2007,"2007BCL067",148.057803468208,-2.94219653179192
"1536",13,29,29,0,1,147,-3,2007,"2007BCL071",148.057803468208,1.05780346820808
"1537",14,29,29,0,1,146,-2,2007,"2007BCL072",148.057803468208,2.05780346820808
"1538",15,34,34,0,1,146,-2,2007,"2007BCL076",148.057803468208,2.05780346820808
"1539",15,33,33,0,1,154,-10,2007,"2007BCL078",148.057803468208,-5.94219653179192
"1540",17,35,35,0,1,154,-10,2007,"2007BCL079",148.057803468208,-5.94219653179192
"1541",17,31,31,0,1,151,-7,2007,"2007BCL080",148.057803468208,-2.94219653179192
"1542",17,23,23,0,1,141,3,2007,"2007BCL082",148.057803468208,7.05780346820808
"1543",19,31,31,0,1,151,-7,2007,"2007BCL083",148.057803468208,-2.94219653179192
"1544",2,27,27,0,1,143,1,2007,"2007JBW020",148.057803468208,5.05780346820808
"1545",2,22,22,0,1,140,4,2007,"2007JBW022",148.057803468208,8.05780346820808
"1546",5,25,25,0,1,143,1,2007,"2007JBW028",148.057803468208,5.05780346820808
"1547",5,26,26,0,1,146,-2,2007,"2007JBW029",148.057803468208,2.05780346820808
"1548",6,25,25,0,1,147,-3,2007,"2007JBW037",148.057803468208,1.05780346820808
"1549",6,29,29,0,1,147,-3,2007,"2007JBW039",148.057803468208,1.05780346820808
"1550",7,29,29,0,1,148,-4,2007,"2007JBW044",148.057803468208,0.0578034682080784
"1551",7,29,29,0,1,148,-4,2007,"2007JBW046",148.057803468208,0.0578034682080784
"1552",7,30,30,0,1,148,-4,2007,"2007JBW048",148.057803468208,0.0578034682080784
"1553",7,29,29,0,1,148,-4,2007,"2007JBW049",148.057803468208,0.0578034682080784
"1554",7,27,27,0,1,148,-4,2007,"2007JBW050",148.057803468208,0.0578034682080784
"1555",7,27,27,0,1,145,-1,2007,"2007JBW051",148.057803468208,3.05780346820808
"1556",8,25,25,0,1,143,1,2007,"2007JBW053",148.057803468208,5.05780346820808
"1557",8,27,27,0,1,146,-2,2007,"2007JBW054",148.057803468208,2.05780346820808
"1558",8,24,24,0,1,146,-2,2007,"2007JBW055",148.057803468208,2.05780346820808
"1559",8,28,28,0,1,149,-5,2007,"2007JBW056",148.057803468208,-0.942196531791922
"1560",8,24,24,0,1,140,4,2007,"2007JBW057",148.057803468208,8.05780346820808
"1561",8,24,24,0,1,140,4,2007,"2007JBW058",148.057803468208,8.05780346820808
"1562",8,25,25,0,1,146,-2,2007,"2007JBW061",148.057803468208,2.05780346820808
"1563",11,33,33,0,1,152,-8,2007,"2007JBW064",148.057803468208,-3.94219653179192
"1564",11,31,31,0,1,152,-8,2007,"2007JBW065",148.057803468208,-3.94219653179192
"1565",12,28,28,0,1,144,0,2007,"2007JBW067",148.057803468208,4.05780346820808
"1566",13,29,29,0,1,145,-1,2007,"2007JBW074",148.057803468208,3.05780346820808
"1567",14,32,32,0,1,151,-7,2007,"2007JBW075",148.057803468208,-2.94219653179192
"1568",14,29,29,0,1,146,-2,2007,"2007JBW077",148.057803468208,2.05780346820808
"1569",15,34,34,0,1,147,-3,2007,"2007JBW080",148.057803468208,1.05780346820808
"1570",17,34,34,0,1,152,-8,2007,"2007JBW083",148.057803468208,-3.94219653179192
"1571",17,28,28,0,1,147,-3,2007,"2007JBW084",148.057803468208,1.05780346820808
"1572",17,32,32,0,1,147,-3,2007,"2007JBW085",148.057803468208,1.05780346820808
"1573",18,28,28,0,1,147,-3,2007,"2007JBW087",148.057803468208,1.05780346820808
"1574",27,32,32,0,1,152,-8,2007,"2007JBW100",148.057803468208,-3.94219653179192
"1575",2,27,27,0,1,143,1,2007,"2007JJW007",148.057803468208,5.05780346820808
"1576",2,28,28,0,1,143,1,2007,"2007JJW008",148.057803468208,5.05780346820808
"1577",5,31,31,0,1,146,-2,2007,"2007JJW016",148.057803468208,2.05780346820808
"1578",6,28,28,0,1,144,0,2007,"2007JJW021",148.057803468208,4.05780346820808
"1579",6,29,29,0,1,147,-3,2007,"2007JJW025",148.057803468208,1.05780346820808
"1580",7,28,28,0,1,145,-1,2007,"2007JJW029",148.057803468208,3.05780346820808
"1581",7,28,28,0,1,145,-1,2007,"2007JJW030",148.057803468208,3.05780346820808
"1582",7,26,26,0,1,145,-1,2007,"2007JJW032",148.057803468208,3.05780346820808
"1583",8,29,29,0,1,149,-5,2007,"2007JJW037",148.057803468208,-0.942196531791922
"1584",8,30,30,0,1,149,-5,2007,"2007JJW041",148.057803468208,-0.942196531791922
"1585",8,32,32,0,1,149,-5,2007,"2007JJW045",148.057803468208,-0.942196531791922
"1586",11,29,29,0,1,151,-7,2007,"2007JJW046",148.057803468208,-2.94219653179192
"1587",13,30,30,0,1,143,1,2007,"2007JJW048",148.057803468208,5.05780346820808
"1588",13,27,27,0,1,144,0,2007,"2007JJW050",148.057803468208,4.05780346820808
"1589",14,33,33,0,1,147,-3,2007,"2007JJW054",148.057803468208,1.05780346820808
"1590",14,30,30,0,1,146,-2,2007,"2007JJW055",148.057803468208,2.05780346820808
"1591",15,34,34,0,1,150,-6,2007,"2007JJW057",148.057803468208,-1.94219653179192
"1592",17,32,32,0,1,152,-8,2007,"2007JJW058",148.057803468208,-3.94219653179192
"1593",3,27,27,0,1,144,0,2007,"2007MLS018",148.057803468208,4.05780346820808
"1594",2,32,32,0,1,143,1,2007,"2007MLS031",148.057803468208,5.05780346820808
"1595",7,28,28,0,1,145,-1,2007,"2007MLS035",148.057803468208,3.05780346820808
"1596",8,31,31,0,1,149,-5,2007,"2007MLS040",148.057803468208,-0.942196531791922
"1597",8,30,30,0,1,149,-5,2007,"2007MLS041",148.057803468208,-0.942196531791922
"1598",8,25,25,0,1,146,-2,2007,"2007MLS045",148.057803468208,2.05780346820808
"1599",10,28,28,0,1,143,1,2007,"2007MLS046",148.057803468208,5.05780346820808
"1600",11,30,30,0,1,149,-5,2007,"2007MLS048",148.057803468208,-0.942196531791922
"1601",12,22,22,0,1,134,10,2007,"2007MLS052",148.057803468208,14.0578034682081
"1602",13,30,30,0,1,145,-1,2007,"2007MLS057",148.057803468208,3.05780346820808
"1603",14,32,32,0,1,149,-5,2007,"2007MLS059",148.057803468208,-0.942196531791922
"1604",14,25,25,0,1,139,5,2007,"2007MLS060",148.057803468208,9.05780346820808
"1605",14,31,31,0,1,146,-2,2007,"2007MLS062",148.057803468208,2.05780346820808
"1606",19,29,29,0,1,144,0,2007,"2007MLS067",148.057803468208,4.05780346820808
"1607",19,35,35,0,1,151,-7,2007,"2007MLS069",148.057803468208,-2.94219653179192
"1608",18,31,31,0,1,153,-9,2007,"2007PLF046",148.057803468208,-4.94219653179192
"1609",23,27,27,0,1,146,-2,2007,"2007PLF075",148.057803468208,2.05780346820808
"1610",2,23,23,0,1,140,4,2007,"2007TJH014",148.057803468208,8.05780346820808
"1611",2,27,27,0,1,143,1,2007,"2007TJH015",148.057803468208,5.05780346820808
"1612",2,23,23,0,1,140,4,2007,"2007TJH019",148.057803468208,8.05780346820808
"1613",3,25,25,0,1,141,3,2007,"2007TJH025",148.057803468208,7.05780346820808
"1614",5,24,24,0,1,142,2,2007,"2007TJH026",148.057803468208,6.05780346820808
"1615",5,30,30,0,1,146,-2,2007,"2007TJH028",148.057803468208,2.05780346820808
"1616",5,27,27,0,1,146,-2,2007,"2007TJH030",148.057803468208,2.05780346820808
"1617",6,28,28,0,1,147,-3,2007,"2007TJH033",148.057803468208,1.05780346820808
"1618",6,26,26,0,1,147,-3,2007,"2007TJH034",148.057803468208,1.05780346820808
"1619",7,27,27,0,1,141,3,2007,"2007TJH043",148.057803468208,7.05780346820808
"1620",7,24,24,0,1,139,5,2007,"2007TJH044",148.057803468208,9.05780346820808
"1621",7,29,29,0,1,148,-4,2007,"2007TJH045",148.057803468208,0.0578034682080784
"1622",8,18,18,0,1,133,11,2007,"2007TJH046",148.057803468208,15.0578034682081
"1623",8,29,29,0,1,146,-2,2007,"2007TJH052",148.057803468208,2.05780346820808
"1624",8,29,29,0,1,149,-5,2007,"2007TJH056",148.057803468208,-0.942196531791922
"1625",10,29,29,0,1,148,-4,2007,"2007TJH059",148.057803468208,0.0578034682080784
"1626",12,29,29,0,1,151,-7,2007,"2007TJH063",148.057803468208,-2.94219653179192
"1627",13,28,28,0,1,144,0,2007,"2007TJH065",148.057803468208,4.05780346820808
"1628",14,28,28,0,1,149,-5,2007,"2007TJH069",148.057803468208,-0.942196531791922
"1629",14,29,29,0,1,151,-7,2007,"2007TJH073",148.057803468208,-2.94219653179192
"1630",14,31,31,0,1,150,-6,2007,"2007TJH074",148.057803468208,-1.94219653179192
"1631",15,29,29,0,1,151,-7,2007,"2007TJH075",148.057803468208,-2.94219653179192
"1632",18,27,27,0,1,146,-2,2007,"2007TJH077",148.057803468208,2.05780346820808
"1633",20,29,29,0,1,148,-4,2007,"2007TJH082",148.057803468208,0.0578034682080784
"1634",8,19,28,1,1,149,-5,2007,"2007BCL043",148.057803468208,-0.942196531791922
"1635",8,19,25,1,1,151,-7,2007,"2007BCL051",148.057803468208,-2.94219653179192
"1636",14,25,31,1,1,148,-4,2007,"2007BCL073",148.057803468208,0.0578034682080784
"1637",13,23,31,1,1,153,-9,2007,"2007JBW070",148.057803468208,-4.94219653179192
"1638",14,14,25,1,1,147,-3,2007,"2007JJW052",148.057803468208,1.05780346820808
"1639",1,1,2,1,1,142,2,2007,"2007MLS011",148.057803468208,6.05780346820808
"1640",13,13,23,1,1,154,-10,2007,"2007MLS056",148.057803468208,-5.94219653179192
"1641",3,13,22,1,1,141,3,2007,"2007TJH023",148.057803468208,7.05780346820808
"1642",5,5,14,1,1,146,-2,2007,"2007TJH029",148.057803468208,2.05780346820808
"1643",7,18,21,1,1,148,-4,2007,"2007TJH039",148.057803468208,0.0578034682080784
"1644",9,31,31,0,1,152,-8,2007,"2007BCL057",148.057803468208,-3.94219653179192
"1645",13,30,30,0,1,150,-6,2007,"2007BCL068",148.057803468208,-1.94219653179192
"1646",14,32,32,0,1,151,-7,2007,"2007BCL074",148.057803468208,-2.94219653179192
"1647",15,33,33,0,1,158,-14,2007,"2007BCL075",148.057803468208,-9.94219653179192
"1648",15,35,35,0,1,158,-14,2007,"2007BCL077",148.057803468208,-9.94219653179192
"1649",17,35,35,0,1,158,-14,2007,"2007BCL081",148.057803468208,-9.94219653179192
"1650",20,34,34,0,1,161,-17,2007,"2007BCL084",148.057803468208,-12.9421965317919
"1651",23,31,31,0,1,157,-13,2007,"2007BCL086",148.057803468208,-8.94219653179192
"1652",23,31,31,0,1,159,-15,2007,"2007BCL087",148.057803468208,-10.9421965317919
"1653",30,32,32,0,1,154,-10,2007,"2007BCL089",148.057803468208,-5.94219653179192
"1654",10,31,31,0,1,151,-7,2007,"2007JBW062",148.057803468208,-2.94219653179192
"1655",12,30,30,0,1,153,-9,2007,"2007JBW066",148.057803468208,-4.94219653179192
"1656",13,31,31,0,1,154,-10,2007,"2007JBW069",148.057803468208,-5.94219653179192
"1657",13,31,31,0,1,154,-10,2007,"2007JBW073",148.057803468208,-5.94219653179192
"1658",16,22,22,0,1,138,6,2007,"2007JBW081",148.057803468208,10.0578034682081
"1659",16,28,28,0,1,148,-4,2007,"2007JBW082",148.057803468208,0.0578034682080784
"1660",18,35,35,0,1,158,-14,2007,"2007JBW089",148.057803468208,-9.94219653179192
"1661",22,35,35,0,1,154,-10,2007,"2007JBW093",148.057803468208,-5.94219653179192
"1662",23,32,32,0,1,164,-20,2007,"2007JBW097",148.057803468208,-15.9421965317919
"1663",23,36,36,0,1,155,-11,2007,"2007JBW098",148.057803468208,-6.94219653179192
"1664",27,32,32,0,1,152,-8,2007,"2007JBW101",148.057803468208,-3.94219653179192
"1665",13,31,31,0,1,148,-4,2007,"2007JJW049",148.057803468208,0.0578034682080784
"1666",14,32,32,0,1,152,-8,2007,"2007JJW051",148.057803468208,-3.94219653179192
"1667",14,34,34,0,1,152,-8,2007,"2007JJW053",148.057803468208,-3.94219653179192
"1668",14,34,34,0,1,155,-11,2007,"2007JJW056",148.057803468208,-6.94219653179192
"1669",17,34,34,0,1,152,-8,2007,"2007JJW059",148.057803468208,-3.94219653179192
"1670",17,33,33,0,1,152,-8,2007,"2007JJW060",148.057803468208,-3.94219653179192
"1671",19,35,35,0,1,160,-16,2007,"2007JJW063",148.057803468208,-11.9421965317919
"1672",10,34,34,0,1,151,-7,2007,"2007MLS047",148.057803468208,-2.94219653179192
"1673",30,32,32,0,1,152,-8,2007,"2007PLF077",148.057803468208,-3.94219653179192
"1674",10,30,30,0,1,151,-7,2007,"2007TJH057",148.057803468208,-2.94219653179192
"1675",12,28,28,0,1,151,-7,2007,"2007TJH061",148.057803468208,-2.94219653179192
"1676",12,30,30,0,1,151,-7,2007,"2007TJH062",148.057803468208,-2.94219653179192
"1677",13,31,31,0,1,153,-9,2007,"2007TJH064",148.057803468208,-4.94219653179192
"1678",13,31,31,0,1,156,-12,2007,"2007TJH066",148.057803468208,-7.94219653179192
"1679",13,30,30,0,1,152,-8,2007,"2007TJH067",148.057803468208,-3.94219653179192
"1680",13,31,31,0,1,152,-8,2007,"2007TJH068",148.057803468208,-3.94219653179192
"1681",14,31,31,0,1,152,-8,2007,"2007TJH071",148.057803468208,-3.94219653179192
"1682",18,34,34,0,1,154,-10,2007,"2007TJH078",148.057803468208,-5.94219653179192
"1683",25,31,31,0,1,154,-10,2007,"2007TJH083",148.057803468208,-5.94219653179192
"1684",28,30,30,0,1,149,-5,2007,"2007TJH084",148.057803468208,-0.942196531791922
"1685",31,33,33,0,1,153,-9,2007,"2007TJH085",148.057803468208,-4.94219653179192
"1686",3,27,27,0,1,149,-2,2008,"2008BCL010",151.029850746269,2.02985074626866
"1687",3,24,24,0,1,145,2,2008,"2008BCL011",151.029850746269,6.02985074626866
"1688",3,26,26,0,1,145,2,2008,"2008BCL013",151.029850746269,6.02985074626866
"1689",3,24,24,0,1,149,-2,2008,"2008BCL014",151.029850746269,2.02985074626866
"1690",3,25,25,0,1,149,-2,2008,"2008BCL015",151.029850746269,2.02985074626866
"1691",4,26,26,0,1,148,-1,2008,"2008BCL017",151.029850746269,3.02985074626866
"1692",4,24,24,0,1,145,2,2008,"2008BCL020",151.029850746269,6.02985074626866
"1693",4,27,27,0,1,150,-3,2008,"2008BCL022",151.029850746269,1.02985074626866
"1694",4,25,25,0,1,150,-3,2008,"2008BCL023",151.029850746269,1.02985074626866
"1695",4,26,26,0,1,148,-1,2008,"2008BCL024",151.029850746269,3.02985074626866
"1696",4,25,25,0,1,150,-3,2008,"2008BCL025",151.029850746269,1.02985074626866
"1697",5,24,24,0,1,147,0,2008,"2008BCL028",151.029850746269,4.02985074626866
"1698",5,28,28,0,1,151,-4,2008,"2008BCL029",151.029850746269,0.0298507462686644
"1699",5,25,25,0,1,149,-2,2008,"2008BCL030",151.029850746269,2.02985074626866
"1700",5,27,27,0,1,151,-4,2008,"2008BCL031",151.029850746269,0.0298507462686644
"1701",5,29,29,0,1,151,-4,2008,"2008BCL032",151.029850746269,0.0298507462686644
"1702",5,27,27,0,1,151,-4,2008,"2008BCL033",151.029850746269,0.0298507462686644
"1703",5,25,25,0,1,151,-4,2008,"2008BCL034",151.029850746269,0.0298507462686644
"1704",6,29,29,0,1,152,-5,2008,"2008BCL035",151.029850746269,-0.970149253731336
"1705",7,24,24,0,1,146,1,2008,"2008BCL042",151.029850746269,5.02985074626866
"1706",8,29,29,0,1,152,-5,2008,"2008BCL046",151.029850746269,-0.970149253731336
"1707",8,32,32,0,1,154,-7,2008,"2008BCL048",151.029850746269,-2.97014925373134
"1708",9,30,30,0,1,153,-6,2008,"2008BCL050",151.029850746269,-1.97014925373134
"1709",9,26,26,0,1,148,-1,2008,"2008BCL051",151.029850746269,3.02985074626866
"1710",11,28,28,0,1,150,-3,2008,"2008BCL052",151.029850746269,1.02985074626866
"1711",11,28,28,0,1,152,-5,2008,"2008BCL054",151.029850746269,-0.970149253731336
"1712",11,24,24,0,1,147,0,2008,"2008BCL055",151.029850746269,4.02985074626866
"1713",12,27,27,0,1,149,-2,2008,"2008BCL056",151.029850746269,2.02985074626866
"1714",12,35,35,0,1,158,-11,2008,"2008BCL057",151.029850746269,-6.97014925373134
"1715",13,32,32,0,1,157,-10,2008,"2008BCL058",151.029850746269,-5.97014925373134
"1716",16,27,27,0,1,149,-2,2008,"2008BCL063",151.029850746269,2.02985074626866
"1717",16,26,26,0,1,148,-1,2008,"2008BCL064",151.029850746269,3.02985074626866
"1718",16,25,25,0,1,144,3,2008,"2008BCL065",151.029850746269,7.02985074626866
"1719",18,26,26,0,1,148,-1,2008,"2008BCL067",151.029850746269,3.02985074626866
"1720",25,35,35,0,1,157,-10,2008,"2008BCL071",151.029850746269,-5.97014925373134
"1721",26,27,27,0,1,149,-2,2008,"2008BCL074",151.029850746269,2.02985074626866
"1722",1,24,24,0,1,147,0,2008,"2008JKL011",151.029850746269,4.02985074626866
"1723",3,27,27,0,1,144,3,2008,"2008JKL015",151.029850746269,7.02985074626866
"1724",4,30,30,0,1,148,-1,2008,"2008JKL018",151.029850746269,3.02985074626866
"1725",4,23,23,0,1,142,5,2008,"2008JKL020",151.029850746269,9.02985074626866
"1726",5,30,30,0,1,149,-2,2008,"2008JKL024",151.029850746269,2.02985074626866
"1727",5,28,28,0,1,149,-2,2008,"2008JKL025",151.029850746269,2.02985074626866
"1728",7,26,26,0,1,152,-5,2008,"2008JKL033",151.029850746269,-0.970149253731336
"1729",7,25,25,0,1,150,-3,2008,"2008JKL034",151.029850746269,1.02985074626866
"1730",9,30,30,0,1,153,-6,2008,"2008JKL040",151.029850746269,-1.97014925373134
"1731",9,31,31,0,1,150,-3,2008,"2008JKL041",151.029850746269,1.02985074626866
"1732",9,30,30,0,1,153,-6,2008,"2008JKL042",151.029850746269,-1.97014925373134
"1733",11,28,28,0,1,149,-2,2008,"2008JKL043",151.029850746269,2.02985074626866
"1734",10,30,30,0,1,151,-4,2008,"2008JKL044",151.029850746269,0.0298507462686644
"1735",11,31,31,0,1,149,-2,2008,"2008JKL046",151.029850746269,2.02985074626866
"1736",11,24,24,0,1,149,-2,2008,"2008JKL047",151.029850746269,2.02985074626866
"1737",12,29,29,0,1,149,-2,2008,"2008JKL049",151.029850746269,2.02985074626866
"1738",13,19,19,0,1,141,6,2008,"2008JKL050",151.029850746269,10.0298507462687
"1739",15,28,28,0,1,150,-3,2008,"2008JKL052",151.029850746269,1.02985074626866
"1740",15,29,29,0,1,150,-3,2008,"2008JKL053",151.029850746269,1.02985074626866
"1741",16,25,25,0,1,144,3,2008,"2008JKL057",151.029850746269,7.02985074626866
"1742",16,28,28,0,1,147,0,2008,"2008JKL059",151.029850746269,4.02985074626866
"1743",16,28,28,0,1,151,-4,2008,"2008JKL060",151.029850746269,0.0298507462686644
"1744",16,32,32,0,1,151,-4,2008,"2008JKL062",151.029850746269,0.0298507462686644
"1745",24,31,31,0,1,155,-8,2008,"2008JKL063",151.029850746269,-3.97014925373134
"1746",29,31,31,0,1,154,-7,2008,"2008JKL065",151.029850746269,-2.97014925373134
"1747",30,32,32,0,1,154,-7,2008,"2008JKL066",151.029850746269,-2.97014925373134
"1748",11,33,33,0,1,156,-9,2008,"2008PLF004",151.029850746269,-4.97014925373134
"1749",16,24,24,0,1,145,2,2008,"2008PLF024",151.029850746269,6.02985074626866
"1750",18,25,25,0,1,147,0,2008,"2008PLF101",151.029850746269,4.02985074626866
"1751",20,26,26,0,1,148,-1,2008,"2008PLF102",151.029850746269,3.02985074626866
"1752",1,25,25,0,1,145,2,2008,"2008SMO012",151.029850746269,6.02985074626866
"1753",3,24,24,0,1,147,0,2008,"2008SMO018",151.029850746269,4.02985074626866
"1754",3,28,28,0,1,149,-2,2008,"2008SMO020",151.029850746269,2.02985074626866
"1755",5,28,28,0,1,150,-3,2008,"2008SMO026",151.029850746269,1.02985074626866
"1756",5,23,23,0,1,148,-1,2008,"2008SMO028",151.029850746269,3.02985074626866
"1757",5,27,27,0,1,151,-4,2008,"2008SMO029",151.029850746269,0.0298507462686644
"1758",6,28,28,0,1,152,-5,2008,"2008SMO031",151.029850746269,-0.970149253731336
"1759",6,28,28,0,1,151,-4,2008,"2008SMO032",151.029850746269,0.0298507462686644
"1760",9,27,27,0,1,151,-4,2008,"2008SMO038",151.029850746269,0.0298507462686644
"1761",8,25,25,0,1,147,0,2008,"2008SMO041",151.029850746269,4.02985074626866
"1762",10,30,30,0,1,153,-6,2008,"2008SMO049",151.029850746269,-1.97014925373134
"1763",10,27,27,0,1,149,-2,2008,"2008SMO050",151.029850746269,2.02985074626866
"1764",11,31,31,0,1,154,-7,2008,"2008SMO051",151.029850746269,-2.97014925373134
"1765",11,26,26,0,1,149,-2,2008,"2008SMO052",151.029850746269,2.02985074626866
"1766",11,29,29,0,1,150,-3,2008,"2008SMO053",151.029850746269,1.02985074626866
"1767",12,25,25,0,1,149,-2,2008,"2008SMO055",151.029850746269,2.02985074626866
"1768",12,27,27,0,1,149,-2,2008,"2008SMO056",151.029850746269,2.02985074626866
"1769",14,29,29,0,1,153,-6,2008,"2008SMO059",151.029850746269,-1.97014925373134
"1770",15,32,32,0,1,154,-7,2008,"2008SMO065",151.029850746269,-2.97014925373134
"1771",16,28,28,0,1,150,-3,2008,"2008SMO069",151.029850746269,1.02985074626866
"1772",16,30,30,0,1,154,-7,2008,"2008SMO070",151.029850746269,-2.97014925373134
"1773",18,29,29,0,1,150,-3,2008,"2008SMO071",151.029850746269,1.02985074626866
"1774",6,6,25,1,1,147,0,2008,"2008BCL038",151.029850746269,4.02985074626866
"1775",6,6,18,1,1,152,-5,2008,"2008BCL039",151.029850746269,-0.970149253731336
"1776",7,7,18,1,1,145,2,2008,"2008BCL044",151.029850746269,6.02985074626866
"1777",8,8,18,1,1,148,-1,2008,"2008BCL049",151.029850746269,3.02985074626866
"1778",15,26,29,1,1,152,-5,2008,"2008BCL061",151.029850746269,-0.970149253731336
"1779",18,18,25,1,1,152,-5,2008,"2008BCL069",151.029850746269,-0.970149253731336
"1780",5,5,12,1,1,149,-2,2008,"2008JKL022",151.029850746269,2.02985074626866
"1781",6,6,18,1,1,147,0,2008,"2008JKL027",151.029850746269,4.02985074626866
"1782",6,6,18,1,1,144,3,2008,"2008JKL029",151.029850746269,7.02985074626866
"1783",7,7,18,1,1,151,-4,2008,"2008JKL032",151.029850746269,0.0298507462686644
"1784",15,19,26,1,1,152,-5,2008,"2008JKL051",151.029850746269,-0.970149253731336
"1785",15,24,26,1,1,148,-1,2008,"2008JKL054",151.029850746269,3.02985074626866
"1786",22,26,32,1,1,162,-15,2008,"2008JKL064",151.029850746269,-10.9701492537313
"1787",12,25,32,1,1,158,-11,2008,"2008PLF010",151.029850746269,-6.97014925373134
"1788",4,4,16,1,1,149,-2,2008,"2008SMO021",151.029850746269,2.02985074626866
"1789",4,20,25,1,1,149,-2,2008,"2008SMO023",151.029850746269,2.02985074626866
"1790",6,6,18,1,1,151,-4,2008,"2008SMO033",151.029850746269,0.0298507462686644
"1791",7,7,18,1,1,149,-2,2008,"2008SMO034",151.029850746269,2.02985074626866
"1792",7,7,18,1,1,152,-5,2008,"2008SMO035",151.029850746269,-0.970149253731336
"1793",7,9,18,1,1,152,-5,2008,"2008SMO036",151.029850746269,-0.970149253731336
"1794",8,8,18,1,1,152,-5,2008,"2008SMO039",151.029850746269,-0.970149253731336
"1795",8,8,23,1,1,153,-6,2008,"2008SMO040",151.029850746269,-1.97014925373134
"1796",8,18,23,1,1,144,3,2008,"2008SMO042",151.029850746269,7.02985074626866
"1797",8,8,18,1,1,145,2,2008,"2008SMO043",151.029850746269,6.02985074626866
"1798",8,8,18,1,1,152,-5,2008,"2008SMO044",151.029850746269,-0.970149253731336
"1799",8,8,18,1,1,153,-6,2008,"2008SMO045",151.029850746269,-1.97014925373134
"1800",9,18,23,1,1,146,1,2008,"2008SMO048",151.029850746269,5.02985074626866
"1801",14,26,29,1,1,153,-6,2008,"2008SMO060",151.029850746269,-1.97014925373134
"1802",15,15,19,1,1,159,-12,2008,"2008SMO063",151.029850746269,-7.97014925373134
"1803",15,19,26,1,1,154,-7,2008,"2008SMO064",151.029850746269,-2.97014925373134
"1804",15,26,28,1,1,152,-5,2008,"2008SMO068",151.029850746269,-0.970149253731336
"1805",19,25,32,1,1,165,-18,2008,"2008SMO073",151.029850746269,-13.9701492537313
"1806",20,20,26,1,1,166,-19,2008,"2008SMO076",151.029850746269,-14.9701492537313
"1807",11,31,31,0,1,157,-10,2008,"2008BCL053",151.029850746269,-5.97014925373134
"1808",17,34,34,0,1,163,-16,2008,"2008BCL066",151.029850746269,-11.9701492537313
"1809",18,30,30,0,1,157,-10,2008,"2008BCL068",151.029850746269,-5.97014925373134
"1810",23,34,34,0,1,159,-12,2008,"2008BCL070",151.029850746269,-7.97014925373134
"1811",25,35,35,0,1,160,-13,2008,"2008BCL072",151.029850746269,-8.97014925373134
"1812",26,32,32,0,1,163,-16,2008,"2008BCL073",151.029850746269,-11.9701492537313
"1813",16,34,34,0,1,160,-13,2008,"2008JKL055",151.029850746269,-8.97014925373134
"1814",16,32,32,0,1,154,-7,2008,"2008JKL056",151.029850746269,-2.97014925373134
"1815",16,35,35,0,1,160,-13,2008,"2008JKL058",151.029850746269,-8.97014925373134
"1816",16,32,32,0,1,151,-4,2008,"2008JKL061",151.029850746269,0.0298507462686644
"1817",15,32,32,0,1,157,-10,2008,"2008SMO067",151.029850746269,-5.97014925373134
"1818",19,33,33,0,1,159,-12,2008,"2008SMO072",151.029850746269,-7.97014925373134
"1819",19,33,33,0,1,161,-14,2008,"2008SMO074",151.029850746269,-9.97014925373134
"1820",6,31,31,0,1,147,-3,2009,"2009J00047",149.494623655914,2.49462365591398
"1821",6,29,29,0,1,148,-4,2009,"2009J00054",149.494623655914,1.49462365591398
"1822",11,30,30,0,1,149,-5,2009,"2009J00101",149.494623655914,0.494623655913983
"1823",15,29,29,0,1,148,-4,2009,"2009J00106",149.494623655914,1.49462365591398
"1824",15,31,31,0,1,150,-6,2009,"2009J00113",149.494623655914,-0.505376344086017
"1825",15,33,33,0,1,153,-9,2009,"2009J00114",149.494623655914,-3.50537634408602
"1826",17,31,31,0,1,150,-6,2009,"2009J00118",149.494623655914,-0.505376344086017
"1827",17,23,23,0,1,142,2,2009,"2009J00120",149.494623655914,7.49462365591398
"1828",19,32,32,0,1,151,-7,2009,"2009J00121",149.494623655914,-1.50537634408602
"1829",15,32,32,0,1,151,-7,2009,"2009J00122",149.494623655914,-1.50537634408602
"1830",5,31,31,0,1,147,-3,2009,"2009M00020",149.494623655914,2.49462365591398
"1831",6,28,28,0,1,148,-4,2009,"2009M00024",149.494623655914,1.49462365591398
"1832",6,29,29,0,1,148,-4,2009,"2009M00025",149.494623655914,1.49462365591398
"1833",7,28,28,0,1,149,-5,2009,"2009M00028",149.494623655914,0.494623655913983
"1834",11,30,30,0,1,149,-5,2009,"2009M00031",149.494623655914,0.494623655913983
"1835",15,33,33,0,1,152,-8,2009,"2009M00039",149.494623655914,-2.50537634408602
"1836",15,31,31,0,1,150,-6,2009,"2009M00041",149.494623655914,-0.505376344086017
"1837",17,34,34,0,1,152,-8,2009,"2009M00043",149.494623655914,-2.50537634408602
"1838",18,31,31,0,1,150,-6,2009,"2009M00050",149.494623655914,-0.505376344086017
"1839",18,26,26,0,1,146,-2,2009,"2009M00053",149.494623655914,3.49462365591398
"1840",5,31,31,0,1,147,-3,2009,"2009N00024",149.494623655914,2.49462365591398
"1841",7,31,31,0,1,149,-5,2009,"2009N00036",149.494623655914,0.494623655913983
"1842",7,27,27,0,1,148,-4,2009,"2009N00042",149.494623655914,1.49462365591398
"1843",9,27,27,0,1,150,-6,2009,"2009N00055",149.494623655914,-0.505376344086017
"1844",9,28,28,0,1,150,-6,2009,"2009N00069",149.494623655914,-0.505376344086017
"1845",11,36,36,0,1,153,-9,2009,"2009N00077",149.494623655914,-3.50537634408602
"1846",11,30,30,0,1,152,-8,2009,"2009N00079",149.494623655914,-2.50537634408602
"1847",11,27,27,0,1,149,-5,2009,"2009N00082",149.494623655914,0.494623655913983
"1848",15,37,37,0,1,157,-13,2009,"2009N00092",149.494623655914,-7.50537634408602
"1849",15,30,30,0,1,149,-5,2009,"2009N00094",149.494623655914,0.494623655913983
"1850",15,32,32,0,1,151,-7,2009,"2009N00095",149.494623655914,-1.50537634408602
"1851",15,32,32,0,1,151,-7,2009,"2009N00096",149.494623655914,-1.50537634408602
"1852",17,37,37,0,1,156,-12,2009,"2009N00101",149.494623655914,-6.50537634408602
"1853",17,36,36,0,1,155,-11,2009,"2009N00103",149.494623655914,-5.50537634408602
"1854",17,28,28,0,1,147,-3,2009,"2009N00104",149.494623655914,2.49462365591398
"1855",23,28,28,0,1,147,-3,2009,"2009N00108",149.494623655914,2.49462365591398
"1856",5,27,27,0,1,146,-2,2009,"2009R00054",149.494623655914,3.49462365591398
"1857",5,28,28,0,1,146,-2,2009,"2009R00055",149.494623655914,3.49462365591398
"1858",5,28,28,0,1,146,-2,2009,"2009R00063",149.494623655914,3.49462365591398
"1859",15,31,31,0,1,150,-6,2009,"2009R00070",149.494623655914,-0.505376344086017
"1860",7,30,30,0,1,148,-4,2009,"2009R00078",149.494623655914,1.49462365591398
"1861",7,28,28,0,1,148,-4,2009,"2009R00083",149.494623655914,1.49462365591398
"1862",7,28,28,0,1,148,-4,2009,"2009R00085",149.494623655914,1.49462365591398
"1863",11,29,29,0,1,146,-2,2009,"2009R00102",149.494623655914,3.49462365591398
"1864",11,29,29,0,1,152,-8,2009,"2009R00103",149.494623655914,-2.50537634408602
"1865",11,28,28,0,1,149,-5,2009,"2009R00111",149.494623655914,0.494623655913983
"1866",15,31,31,0,1,150,-6,2009,"2009R00125",149.494623655914,-0.505376344086017
"1867",15,22,22,0,1,144,0,2009,"2009R00129",149.494623655914,5.49462365591398
"1868",18,27,27,0,1,146,-2,2009,"2009R00134",149.494623655914,3.49462365591398
"1869",19,30,30,0,1,149,-5,2009,"2009R00135",149.494623655914,0.494623655913983
"1870",21,34,34,0,1,153,-9,2009,"2009R00137",149.494623655914,-3.50537634408602
"1871",15,28,28,0,1,147,-3,2009,"2009S00008",149.494623655914,2.49462365591398
"1872",15,30,30,0,1,153,-9,2009,"2009S00009",149.494623655914,-3.50537634408602
"1873",15,30,30,0,1,149,-5,2009,"2009S00010",149.494623655914,0.494623655913983
"1874",15,28,28,0,1,147,-3,2009,"2009S00012",149.494623655914,2.49462365591398
"1875",15,30,30,0,1,149,-5,2009,"2009S00014",149.494623655914,0.494623655913983
"1876",15,34,34,0,1,153,-9,2009,"2009S00015",149.494623655914,-3.50537634408602
"1877",15,31,31,0,1,150,-6,2009,"2009S00016",149.494623655914,-0.505376344086017
"1878",6,29,29,0,1,148,-4,2009,"2009T00053",149.494623655914,1.49462365591398
"1879",11,27,27,0,1,143,1,2009,"2009T00072",149.494623655914,6.49462365591398
"1880",15,28,28,0,1,147,-3,2009,"2009T00088",149.494623655914,2.49462365591398
"1881",16,34,34,0,1,153,-9,2009,"2009T00091",149.494623655914,-3.50537634408602
"1882",17,30,30,0,1,149,-5,2009,"2009T00092",149.494623655914,0.494623655913983
"1883",17,30,30,0,1,149,-5,2009,"2009T00093",149.494623655914,0.494623655913983
"1884",25,28,28,0,1,147,-3,2009,"2009T00095",149.494623655914,2.49462365591398
"1885",26,30,30,0,1,149,-5,2009,"2009T00096",149.494623655914,0.494623655913983
"1886",5,5,15,1,1,147,-3,2009,"2009J00038",149.494623655914,2.49462365591398
"1887",6,6,15,1,1,148,-4,2009,"2009J00051",149.494623655914,1.49462365591398
"1888",7,7,21,1,1,148,-4,2009,"2009J00072",149.494623655914,1.49462365591398
"1889",9,9,24,1,1,151,-7,2009,"2009J00080",149.494623655914,-1.50537634408602
"1890",11,11,27,1,1,149,-5,2009,"2009J00099",149.494623655914,0.494623655913983
"1891",15,15,22,1,1,156,-12,2009,"2009J00109",149.494623655914,-6.50537634408602
"1892",15,15,31,1,1,150,-6,2009,"2009J00110",149.494623655914,-0.505376344086017
"1893",16,16,26,1,1,148,-4,2009,"2009J00117",149.494623655914,1.49462365591398
"1894",4,23,26,1,1,146,-2,2009,"2009M00005",149.494623655914,3.49462365591398
"1895",16,16,29,1,1,157,-13,2009,"2009M00042",149.494623655914,-7.50537634408602
"1896",15,15,28,1,1,148,-4,2009,"2009N00091",149.494623655914,1.49462365591398
"1897",17,28,30,1,1,149,-5,2009,"2009N00102",149.494623655914,0.494623655913983
"1898",5,5,15,1,1,146,-2,2009,"2009R00057",149.494623655914,3.49462365591398
"1899",5,5,15,1,1,146,-2,2009,"2009R00058",149.494623655914,3.49462365591398
"1900",11,11,21,1,1,143,1,2009,"2009R00115",149.494623655914,6.49462365591398
"1901",15,15,32,1,1,153,-9,2009,"2009S00007",149.494623655914,-3.50537634408602
"1902",15,25,28,1,1,147,-3,2009,"2009S00011",149.494623655914,2.49462365591398
"1903",21,21,26,1,1,151,-7,2009,"2009S00017",149.494623655914,-1.50537634408602
"1904",6,15,28,1,1,148,-4,2009,"2009T00047",149.494623655914,1.49462365591398
"1905",6,6,15,1,1,148,-4,2009,"2009T00049",149.494623655914,1.49462365591398
"1906",11,11,20,1,1,145,-1,2009,"2009T00085",149.494623655914,4.49462365591398
"1907",18,18,31,1,1,150,-6,2009,"2009T00094",149.494623655914,-0.505376344086017
"1908",11,35,35,0,1,153,-9,2009,"2009J00102",149.494623655914,-3.50537634408602
"1909",15,37,37,0,1,157,-13,2009,"2009N00093",149.494623655914,-7.50537634408602
"1910",18,37,37,0,1,159,-15,2009,"2009N00106",149.494623655914,-9.50537634408602
"1911",16,34,34,0,1,157,-13,2009,"2009R00131",149.494623655914,-7.50537634408602
"1912",20,37,37,0,1,158,-14,2009,"2009R00136",149.494623655914,-8.50537634408602
"1913",5,23,23,0,1,145,2,2010,"2010A00028",150.735294117647,5.73529411764707
"1914",7,29,29,0,1,151,-4,2010,"2010A00035",150.735294117647,-0.264705882352928
"1915",8,20,20,0,1,146,1,2010,"2010A00044",150.735294117647,4.73529411764707
"1916",8,22,22,0,1,149,-2,2010,"2010A00048",150.735294117647,1.73529411764707
"1917",9,28,28,0,1,150,-3,2010,"2010A00054",150.735294117647,0.735294117647072
"1918",9,28,28,0,1,150,-3,2010,"2010A00056",150.735294117647,0.735294117647072
"1919",9,25,25,0,1,147,0,2010,"2010A00070",150.735294117647,3.73529411764707
"1920",9,24,24,0,1,146,1,2010,"2010A00076",150.735294117647,4.73529411764707
"1921",10,23,23,0,1,145,2,2010,"2010A00081",150.735294117647,5.73529411764707
"1922",10,29,29,0,1,151,-4,2010,"2010A00082",150.735294117647,-0.264705882352928
"1923",10,26,26,0,1,148,-1,2010,"2010A00083",150.735294117647,2.73529411764707
"1924",10,29,29,0,1,151,-4,2010,"2010A00088",150.735294117647,-0.264705882352928
"1925",13,35,35,0,1,157,-10,2010,"2010A00105",150.735294117647,-6.26470588235293
"1926",14,20,20,0,1,142,5,2010,"2010A00109",150.735294117647,8.73529411764707
"1927",7,28,28,0,1,152,-5,2010,"2010M00040",150.735294117647,-1.26470588235293
"1928",7,29,29,0,1,152,-5,2010,"2010M00041",150.735294117647,-1.26470588235293
"1929",9,29,29,0,1,151,-4,2010,"2010M00065",150.735294117647,-0.264705882352928
"1930",9,30,30,0,1,154,-7,2010,"2010M00072",150.735294117647,-3.26470588235293
"1931",9,28,28,0,1,151,-4,2010,"2010M00074",150.735294117647,-0.264705882352928
"1932",10,22,22,0,1,144,3,2010,"2010M00080",150.735294117647,6.73529411764707
"1933",10,33,33,0,1,154,-7,2010,"2010M00082",150.735294117647,-3.26470588235293
"1934",10,28,28,0,1,150,-3,2010,"2010M00083",150.735294117647,0.735294117647072
"1935",10,25,25,0,1,147,0,2010,"2010M00086",150.735294117647,3.73529411764707
"1936",16,30,30,0,1,152,-5,2010,"2010M00090",150.735294117647,-1.26470588235293
"1937",23,24,24,0,1,146,1,2010,"2010M00093",150.735294117647,4.73529411764707
"1938",27,30,30,0,1,152,-5,2010,"2010M00095",150.735294117647,-1.26470588235293
"1939",7,31,31,0,1,151,-4,2010,"2010MW0082",150.735294117647,-0.264705882352928
"1940",8,29,29,0,1,151,-4,2010,"2010MW0108",150.735294117647,-0.264705882352928
"1941",9,24,24,0,1,146,1,2010,"2010MW0118",150.735294117647,4.73529411764707
"1942",9,31,31,0,1,153,-6,2010,"2010MW0120",150.735294117647,-2.26470588235293
"1943",9,28,28,0,1,150,-3,2010,"2010MW0121",150.735294117647,0.735294117647072
"1944",9,27,27,0,1,152,-5,2010,"2010MW0123",150.735294117647,-1.26470588235293
"1945",10,30,30,0,1,151,-4,2010,"2010MW0127",150.735294117647,-0.264705882352928
"1946",11,34,34,0,1,156,-9,2010,"2010MW0140",150.735294117647,-5.26470588235293
"1947",11,30,30,0,1,152,-5,2010,"2010MW0144",150.735294117647,-1.26470588235293
"1948",12,31,31,0,1,155,-8,2010,"2010MW0146",150.735294117647,-4.26470588235293
"1949",5,28,28,0,1,150,-3,2010,"2010N00049",150.735294117647,0.735294117647072
"1950",8,31,31,0,1,153,-6,2010,"2010N00060",150.735294117647,-2.26470588235293
"1951",8,31,31,0,1,153,-6,2010,"2010N00069",150.735294117647,-2.26470588235293
"1952",8,31,31,0,1,153,-6,2010,"2010N00083",150.735294117647,-2.26470588235293
"1953",9,32,32,0,1,154,-7,2010,"2010N00085",150.735294117647,-3.26470588235293
"1954",9,28,28,0,1,150,-3,2010,"2010N00088",150.735294117647,0.735294117647072
"1955",9,28,28,0,1,150,-3,2010,"2010N00091",150.735294117647,0.735294117647072
"1956",9,31,31,0,1,153,-6,2010,"2010N00092",150.735294117647,-2.26470588235293
"1957",9,32,32,0,1,154,-7,2010,"2010N00094",150.735294117647,-3.26470588235293
"1958",10,26,26,0,1,148,-1,2010,"2010N00095",150.735294117647,2.73529411764707
"1959",10,29,29,0,1,151,-4,2010,"2010N00096",150.735294117647,-0.264705882352928
"1960",10,26,26,0,1,148,-1,2010,"2010N00101",150.735294117647,2.73529411764707
"1961",11,27,27,0,1,149,-2,2010,"2010N00113",150.735294117647,1.73529411764707
"1962",11,26,26,0,1,148,-1,2010,"2010N00114",150.735294117647,2.73529411764707
"1963",13,26,26,0,1,148,-1,2010,"2010N00116",150.735294117647,2.73529411764707
"1964",15,31,31,0,1,153,-6,2010,"2010N00121",150.735294117647,-2.26470588235293
"1965",15,34,34,0,1,156,-9,2010,"2010N00122",150.735294117647,-5.26470588235293
"1966",17,30,30,0,1,152,-5,2010,"2010N00123",150.735294117647,-1.26470588235293
"1967",22,33,33,0,1,155,-8,2010,"2010N00131",150.735294117647,-4.26470588235293
"1968",22,29,29,0,1,151,-4,2010,"2010N00132",150.735294117647,-0.264705882352928
"1969",13,28,28,0,1,150,-3,2010,"2010R00002",150.735294117647,0.735294117647072
"1970",3,27,27,0,1,148,-1,2010,"2010R00005",150.735294117647,2.73529411764707
"1971",3,26,26,0,1,148,-1,2010,"2010R00007",150.735294117647,2.73529411764707
"1972",5,28,28,0,1,149,-2,2010,"2010R00013",150.735294117647,1.73529411764707
"1973",5,26,26,0,1,149,-2,2010,"2010R00020",150.735294117647,1.73529411764707
"1974",7,24,24,0,1,145,2,2010,"2010R00025",150.735294117647,5.73529411764707
"1975",7,29,29,0,1,151,-4,2010,"2010R00028",150.735294117647,-0.264705882352928
"1976",8,30,30,0,1,152,-5,2010,"2010R00042",150.735294117647,-1.26470588235293
"1977",8,27,27,0,1,149,-2,2010,"2010R00044",150.735294117647,1.73529411764707
"1978",8,27,27,0,1,149,-2,2010,"2010R00045",150.735294117647,1.73529411764707
"1979",8,28,28,0,1,152,-5,2010,"2010R00047",150.735294117647,-1.26470588235293
"1980",8,24,24,0,1,146,1,2010,"2010R00050",150.735294117647,4.73529411764707
"1981",9,29,29,0,1,153,-6,2010,"2010R00067",150.735294117647,-2.26470588235293
"1982",10,32,32,0,1,154,-7,2010,"2010R00073",150.735294117647,-3.26470588235293
"1983",10,23,23,0,1,145,2,2010,"2010R00075",150.735294117647,5.73529411764707
"1984",12,26,26,0,1,148,-1,2010,"2010R00078",150.735294117647,2.73529411764707
"1985",12,33,33,0,1,153,-6,2010,"2010R00079",150.735294117647,-2.26470588235293
"1986",17,30,30,0,1,152,-5,2010,"2010R00087",150.735294117647,-1.26470588235293
"1987",23,29,29,0,1,151,-4,2010,"2010R00090",150.735294117647,-0.264705882352928
"1988",8,8,15,1,1,153,-6,2010,"2010A00050",150.735294117647,-2.26470588235293
"1989",16,16,27,1,1,151,-4,2010,"2010H00003",150.735294117647,-0.264705882352928
"1990",9,26,28,1,1,147,0,2010,"2010M00067",150.735294117647,3.73529411764707
"1991",5,12,28,1,1,155,-8,2010,"2010MW0081",150.735294117647,-4.26470588235293
"1992",8,23,25,1,1,151,-4,2010,"2010MW0109",150.735294117647,-0.264705882352928
"1993",8,24,25,1,1,149,-2,2010,"2010MW0112",150.735294117647,1.73529411764707
"1994",9,9,21,1,1,154,-7,2010,"2010MW0116",150.735294117647,-3.26470588235293
"1995",10,24,26,1,1,148,-1,2010,"2010MW0126",150.735294117647,2.73529411764707
"1996",12,12,28,1,1,151,-4,2010,"2010MW0145",150.735294117647,-0.264705882352928
"1997",8,8,31,1,1,153,-6,2010,"2010N00074",150.735294117647,-2.26470588235293
"1998",10,10,23,1,1,145,2,2010,"2010N00100",150.735294117647,5.73529411764707
"1999",12,12,33,1,1,156,-9,2010,"2010N00115",150.735294117647,-5.26470588235293
"2000",5,20,23,1,1,146,1,2010,"2010R00010",150.735294117647,4.73529411764707
"2001",7,7,8,1,1,151,-4,2010,"2010R00029",150.735294117647,-0.264705882352928
"2002",9,9,25,1,1,153,-6,2010,"2010R00054",150.735294117647,-2.26470588235293
"2003",10,28,32,1,1,154,-7,2010,"2010R00071",150.735294117647,-3.26470588235293
"2004",13,27,30,1,1,154,-7,2010,"2010R00083",150.735294117647,-3.26470588235293
"2005",23,26,29,1,1,151,-4,2010,"2010R00091",150.735294117647,-0.264705882352928
"2006",26,26,33,1,1,161,-14,2010,"2010R00094",150.735294117647,-10.2647058823529
"2007",9,27,27,0,1,150,-3,2010,"2010A00052",150.735294117647,0.735294117647072
"2008",9,33,33,0,1,154,-7,2010,"2010A00075",150.735294117647,-3.26470588235293
"2009",14,26,26,0,1,149,-2,2010,"2010A00111",150.735294117647,1.73529411764707
"2010",16,27,27,0,1,151,-4,2010,"2010H00002",150.735294117647,-0.264705882352928
"2011",28,35,35,0,1,153,-6,2010,"2010MW0148",150.735294117647,-2.26470588235293
"2012",23,33,33,0,1,162,-15,2010,"2010N00150",150.735294117647,-11.2647058823529
"2013",20,27,27,0,1,147,0,2010,"2010R00009",150.735294117647,3.73529411764707
"2014",9,30,30,0,1,153,-6,2010,"2010R00061",150.735294117647,-2.26470588235293
"2015",1,17,17,0,1,142,4,2011,"2011C00001",149.185185185185,7.18518518518519
"2016",1,18,18,0,1,141,5,2011,"2011C00002",149.185185185185,8.18518518518519
"2017",5,23,23,0,1,148,-2,2011,"2011C00058",149.185185185185,1.18518518518519
"2018",7,30,30,0,1,150,-4,2011,"2011C00064",149.185185185185,-0.81481481481481
"2019",7,28,28,0,1,150,-4,2011,"2011C00065",149.185185185185,-0.81481481481481
"2020",9,26,26,0,1,149,-3,2011,"2011C00068",149.185185185185,0.18518518518519
"2021",12,26,26,0,1,146,0,2011,"2011C00070",149.185185185185,3.18518518518519
"2022",13,26,26,0,1,147,-1,2011,"2011C00073",149.185185185185,2.18518518518519
"2023",14,27,27,0,1,148,-2,2011,"2011C00074",149.185185185185,1.18518518518519
"2024",14,36,36,0,1,157,-11,2011,"2011C00075",149.185185185185,-7.81481481481481
"2025",15,28,28,0,1,149,-3,2011,"2011C00076",149.185185185185,0.18518518518519
"2026",19,37,37,0,1,159,-13,2011,"2011C00079",149.185185185185,-9.81481481481481
"2027",19,28,28,0,1,146,0,2011,"2011C00080",149.185185185185,3.18518518518519
"2028",26,42,42,0,1,163,-17,2011,"2011C00082",149.185185185185,-13.8148148148148
"2029",30,36,36,0,1,157,-11,2011,"2011C00083",149.185185185185,-7.81481481481481
"2030",16,29,29,0,1,150,-4,2011,"2011C00217",149.185185185185,-0.81481481481481
"2031",6,25,25,0,1,146,0,2011,"2011M00028",149.185185185185,3.18518518518519
"2032",7,25,25,0,1,150,-4,2011,"2011M00034",149.185185185185,-0.81481481481481
"2033",16,28,28,0,1,149,-3,2011,"2011M00036",149.185185185185,0.18518518518519
"2034",16,19,19,0,1,140,6,2011,"2011M00045",149.185185185185,9.18518518518519
"2035",17,30,30,0,1,151,-5,2011,"2011M00046",149.185185185185,-1.81481481481481
"2036",19,22,22,0,1,143,3,2011,"2011M00048",149.185185185185,6.18518518518519
"2037",5,27,27,0,1,148,-2,2011,"2011MG0029",149.185185185185,1.18518518518519
"2038",5,27,27,0,1,148,-2,2011,"2011MG0030",149.185185185185,1.18518518518519
"2039",5,30,30,0,1,147,-1,2011,"2011MG0031",149.185185185185,2.18518518518519
"2040",5,20,20,0,1,147,-1,2011,"2011MG0032",149.185185185185,2.18518518518519
"2041",7,22,22,0,1,149,-3,2011,"2011MG0058",149.185185185185,0.18518518518519
"2042",7,18,18,0,1,148,-2,2011,"2011MG0059",149.185185185185,1.18518518518519
"2043",8,23,23,0,1,148,-2,2011,"2011MG0064",149.185185185185,1.18518518518519
"2044",8,24,24,0,1,148,-2,2011,"2011MG0065",149.185185185185,1.18518518518519
"2045",9,31,31,0,1,152,-6,2011,"2011MG0072",149.185185185185,-2.81481481481481
"2046",9,28,28,0,1,149,-3,2011,"2011MG0073",149.185185185185,0.18518518518519
"2047",9,33,33,0,1,152,-6,2011,"2011MG0074",149.185185185185,-2.81481481481481
"2048",12,27,27,0,1,148,-2,2011,"2011MG0078",149.185185185185,1.18518518518519
"2049",12,27,27,0,1,148,-2,2011,"2011MG0081",149.185185185185,1.18518518518519
"2050",13,19,19,0,1,140,6,2011,"2011MG0083",149.185185185185,9.18518518518519
"2051",14,27,27,0,1,148,-2,2011,"2011MG0084",149.185185185185,1.18518518518519
"2052",15,26,26,0,1,147,-1,2011,"2011MG0087",149.185185185185,2.18518518518519
"2053",15,21,21,0,1,142,4,2011,"2011MG0088",149.185185185185,7.18518518518519
"2054",15,21,21,0,1,142,4,2011,"2011MG0090",149.185185185185,7.18518518518519
"2055",17,30,30,0,1,151,-5,2011,"2011MG0091",149.185185185185,-1.81481481481481
"2056",5,28,28,0,1,147,-1,2011,"2011N00022",149.185185185185,2.18518518518519
"2057",5,25,25,0,1,146,0,2011,"2011N00023",149.185185185185,3.18518518518519
"2058",5,24,24,0,1,142,4,2011,"2011N00024",149.185185185185,7.18518518518519
"2059",5,27,27,0,1,148,-2,2011,"2011N00025",149.185185185185,1.18518518518519
"2060",5,21,21,0,1,142,4,2011,"2011N00033",149.185185185185,7.18518518518519
"2061",7,26,26,0,1,147,-1,2011,"2011N00039",149.185185185185,2.18518518518519
"2062",8,31,31,0,1,151,-5,2011,"2011N00042",149.185185185185,-1.81481481481481
"2063",8,24,24,0,1,145,1,2011,"2011N00047",149.185185185185,4.18518518518519
"2064",8,26,26,0,1,145,1,2011,"2011N00048",149.185185185185,4.18518518518519
"2065",8,26,26,0,1,145,1,2011,"2011N00050",149.185185185185,4.18518518518519
"2066",8,29,29,0,1,148,-2,2011,"2011N00051",149.185185185185,1.18518518518519
"2067",9,30,30,0,1,151,-5,2011,"2011N00052",149.185185185185,-1.81481481481481
"2068",9,20,20,0,1,146,0,2011,"2011N00054",149.185185185185,3.18518518518519
"2069",9,23,23,0,1,147,-1,2011,"2011N00055",149.185185185185,2.18518518518519
"2070",9,28,28,0,1,149,-3,2011,"2011N00057",149.185185185185,0.18518518518519
"2071",9,28,28,0,1,149,-3,2011,"2011N00060",149.185185185185,0.18518518518519
"2072",9,26,26,0,1,148,-2,2011,"2011N00062",149.185185185185,1.18518518518519
"2073",12,20,20,0,1,142,4,2011,"2011N00066",149.185185185185,7.18518518518519
"2074",12,23,23,0,1,152,-6,2011,"2011N00067",149.185185185185,-2.81481481481481
"2075",12,26,26,0,1,146,0,2011,"2011N00070",149.185185185185,3.18518518518519
"2076",13,24,24,0,1,145,1,2011,"2011N00075",149.185185185185,4.18518518518519
"2077",13,32,32,0,1,153,-7,2011,"2011N00076",149.185185185185,-3.81481481481481
"2078",13,28,28,0,1,149,-3,2011,"2011N00077",149.185185185185,0.18518518518519
"2079",15,30,30,0,1,151,-5,2011,"2011N00079",149.185185185185,-1.81481481481481
"2080",15,28,28,0,1,149,-3,2011,"2011N00080",149.185185185185,0.18518518518519
"2081",15,37,37,0,1,158,-12,2011,"2011N00081",149.185185185185,-8.81481481481481
"2082",16,40,40,0,1,161,-15,2011,"2011N00082",149.185185185185,-11.8148148148148
"2083",16,38,38,0,1,159,-13,2011,"2011N00083",149.185185185185,-9.81481481481481
"2084",16,32,32,0,1,153,-7,2011,"2011N00084",149.185185185185,-3.81481481481481
"2085",20,33,33,0,1,154,-8,2011,"2011N00086",149.185185185185,-4.81481481481481
"2086",21,28,28,0,1,149,-3,2011,"2011N00087",149.185185185185,0.18518518518519
"2087",24,33,33,0,1,154,-8,2011,"2011N00088",149.185185185185,-4.81481481481481
"2088",26,30,30,0,1,151,-5,2011,"2011N00089",149.185185185185,-1.81481481481481
"2089",9,9,20,1,1,152,-6,2011,"2011C00067",149.185185185185,-2.81481481481481
"2090",1,1,16,1,1,144,2,2011,"2011M00002",149.185185185185,5.18518518518519
"2091",5,5,14,1,1,148,-2,2011,"2011M00020",149.185185185185,1.18518518518519
"2092",5,5,14,1,1,148,-2,2011,"2011M00021",149.185185185185,1.18518518518519
"2093",5,5,14,1,1,148,-2,2011,"2011M00022",149.185185185185,1.18518518518519
"2094",5,5,14,1,1,148,-2,2011,"2011M00023",149.185185185185,1.18518518518519
"2095",5,5,14,1,1,148,-2,2011,"2011M00024",149.185185185185,1.18518518518519
"2096",6,6,15,1,1,149,-3,2011,"2011M00027",149.185185185185,0.18518518518519
"2097",7,7,12,1,1,150,-4,2011,"2011M00029",149.185185185185,-0.81481481481481
"2098",7,20,23,1,1,144,2,2011,"2011M00030",149.185185185185,5.18518518518519
"2099",9,16,24,1,1,149,-3,2011,"2011M00038",149.185185185185,0.18518518518519
"2100",9,9,16,1,1,143,3,2011,"2011M00039",149.185185185185,6.18518518518519
"2101",12,12,30,1,1,155,-9,2011,"2011M00041",149.185185185185,-5.81481481481481
"2102",15,15,35,1,1,158,-12,2011,"2011M00043",149.185185185185,-8.81481481481481
"2103",16,16,27,1,1,150,-4,2011,"2011M00044",149.185185185185,-0.81481481481481
"2104",17,17,35,1,1,157,-11,2011,"2011M00047",149.185185185185,-7.81481481481481
"2105",5,5,14,1,1,148,-2,2011,"2011MG0028",149.185185185185,1.18518518518519
"2106",8,28,29,1,1,151,-5,2011,"2011MG0063",149.185185185185,-1.81481481481481
"2107",14,27,30,1,1,152,-6,2011,"2011MG0085",149.185185185185,-2.81481481481481
"2108",5,5,20,1,1,145,1,2011,"2011N00028",149.185185185185,4.18518518518519
"2109",5,5,16,1,1,148,-2,2011,"2011N00029",149.185185185185,1.18518518518519
"2110",5,15,24,1,1,149,-3,2011,"2011N00032",149.185185185185,0.18518518518519
"2111",8,8,16,1,1,152,-6,2011,"2011N00043",149.185185185185,-2.81481481481481
"2112",12,17,26,1,1,151,-5,2011,"2011N00069",149.185185185185,-1.81481481481481
"2113",12,12,16,1,1,152,-6,2011,"2011N00072",149.185185185185,-2.81481481481481
"2114",15,22,26,1,1,147,-1,2011,"2011N00078",149.185185185185,2.18518518518519
"2115",17,17,34,1,1,159,-13,2011,"2011N00085",149.185185185185,-9.81481481481481
"2116",29,29,30,1,1,154,-8,2011,"2011N00091",149.185185185185,-4.81481481481481
"2117",12,31,31,0,1,146,0,2011,"2011MG0080",149.185185185185,3.18518518518519
"2118",15,34,34,0,1,158,-12,2011,"2011MG0086",149.185185185185,-8.81481481481481
"2119",15,34,34,0,1,155,-9,2011,"2011MG0089",149.185185185185,-5.81481481481481
"2120",7,19,19,0,1,147,-1,2011,"2011N00036",149.185185185185,2.18518518518519
"2121",8,24,24,0,1,148,-2,2011,"2011N00049",149.185185185185,1.18518518518519
"2122",12,30,30,0,1,154,-8,2011,"2011N00073",149.185185185185,-4.81481481481481
"2123",6,23,23,0,1,157,-1,2012,"2012C00011",160.536363636364,3.53636363636363
"2124",7,27,27,0,1,160,-4,2012,"2012C00012",160.536363636364,0.536363636363632
"2125",8,30,30,0,1,161,-5,2012,"2012C00013",160.536363636364,-0.463636363636368
"2126",8,24,24,0,1,155,1,2012,"2012C00014",160.536363636364,5.53636363636363
"2127",8,23,23,0,1,155,1,2012,"2012C00015",160.536363636364,5.53636363636363
"2128",10,23,23,0,1,155,1,2012,"2012C00025",160.536363636364,5.53636363636363
"2129",10,22,22,0,1,159,-3,2012,"2012C00026",160.536363636364,1.53636363636363
"2130",11,24,24,0,1,160,-4,2012,"2012C00033",160.536363636364,0.536363636363632
"2131",11,32,32,0,1,164,-8,2012,"2012C00036",160.536363636364,-3.46363636363637
"2132",11,19,19,0,1,148,8,2012,"2012C00037",160.536363636364,12.5363636363636
"2133",12,26,26,0,1,157,-1,2012,"2012C00040",160.536363636364,3.53636363636363
"2134",15,32,32,0,1,159,-3,2012,"2012C00041",160.536363636364,1.53636363636363
"2135",15,32,32,0,1,168,-12,2012,"2012C00042",160.536363636364,-7.46363636363637
"2136",22,28,28,0,1,159,-3,2012,"2012C00053",160.536363636364,1.53636363636363
"2137",3,30,30,0,1,156,0,2012,"2012M00002",160.536363636364,4.53636363636363
"2138",11,26,26,0,1,157,-1,2012,"2012M00018",160.536363636364,3.53636363636363
"2139",12,27,27,0,1,163,-7,2012,"2012M00019",160.536363636364,-2.46363636363637
"2140",12,27,27,0,1,158,-2,2012,"2012M00021",160.536363636364,2.53636363636363
"2141",13,27,27,0,1,158,-2,2012,"2012M00024",160.536363636364,2.53636363636363
"2142",13,26,26,0,1,157,-1,2012,"2012M00025",160.536363636364,3.53636363636363
"2143",3,26,26,0,1,157,-1,2012,"2012M00026",160.536363636364,3.53636363636363
"2144",13,27,27,0,1,158,-2,2012,"2012M00027",160.536363636364,2.53636363636363
"2145",19,41,41,0,1,172,-16,2012,"2012M00029",160.536363636364,-11.4636363636364
"2146",25,27,27,0,1,158,-2,2012,"2012M00031",160.536363636364,2.53636363636363
"2147",23,36,36,0,1,167,-11,2012,"2012M00050",160.536363636364,-6.46363636363637
"2148",7,29,29,0,1,161,-5,2012,"2012N00007",160.536363636364,-0.463636363636368
"2149",7,30,30,0,1,161,-5,2012,"2012N00014",160.536363636364,-0.463636363636368
"2150",7,28,28,0,1,158,-2,2012,"2012N00015",160.536363636364,2.53636363636363
"2151",7,23,23,0,1,154,2,2012,"2012N00016",160.536363636364,6.53636363636363
"2152",7,27,27,0,1,159,-3,2012,"2012N00017",160.536363636364,1.53636363636363
"2153",8,25,25,0,1,159,-3,2012,"2012N00020",160.536363636364,1.53636363636363
"2154",8,27,27,0,1,158,-2,2012,"2012N00023",160.536363636364,2.53636363636363
"2155",8,28,28,0,1,159,-3,2012,"2012N00024",160.536363636364,1.53636363636363
"2156",9,28,28,0,1,163,-7,2012,"2012N00025",160.536363636364,-2.46363636363637
"2157",9,32,32,0,1,163,-7,2012,"2012N00030",160.536363636364,-2.46363636363637
"2158",9,28,28,0,1,163,-7,2012,"2012N00031",160.536363636364,-2.46363636363637
"2159",9,30,30,0,1,162,-6,2012,"2012N00033",160.536363636364,-1.46363636363637
"2160",9,31,31,0,1,162,-6,2012,"2012N00034",160.536363636364,-1.46363636363637
"2161",10,30,30,0,1,161,-5,2012,"2012N00035",160.536363636364,-0.463636363636368
"2162",10,28,28,0,1,163,-7,2012,"2012N00037",160.536363636364,-2.46363636363637
"2163",10,28,28,0,1,160,-4,2012,"2012N00038",160.536363636364,0.536363636363632
"2164",13,28,28,0,1,159,-3,2012,"2012N00044",160.536363636364,1.53636363636363
"2165",13,29,29,0,1,160,-4,2012,"2012N00045",160.536363636364,0.536363636363632
"2166",13,29,29,0,1,162,-6,2012,"2012N00046",160.536363636364,-1.46363636363637
"2167",13,28,28,0,1,160,-4,2012,"2012N00048",160.536363636364,0.536363636363632
"2168",13,31,31,0,1,162,-6,2012,"2012N00049",160.536363636364,-1.46363636363637
"2169",16,28,28,0,1,159,-3,2012,"2012N00050",160.536363636364,1.53636363636363
"2170",17,30,30,0,1,161,-5,2012,"2012N00051",160.536363636364,-0.463636363636368
"2171",17,23,23,0,1,154,2,2012,"2012N00052",160.536363636364,6.53636363636363
"2172",17,36,36,0,1,167,-11,2012,"2012N00053",160.536363636364,-6.46363636363637
"2173",17,32,32,0,1,163,-7,2012,"2012N00054",160.536363636364,-2.46363636363637
"2174",18,27,27,0,1,158,-2,2012,"2012N00055",160.536363636364,2.53636363636363
"2175",18,27,27,0,1,158,-2,2012,"2012N00057",160.536363636364,2.53636363636363
"2176",27,42,42,0,1,173,-17,2012,"2012N00062",160.536363636364,-12.4636363636364
"2177",28,30,30,0,1,161,-5,2012,"2012N00064",160.536363636364,-0.463636363636368
"2178",28,34,34,0,1,165,-9,2012,"2012N00065",160.536363636364,-4.46363636363637
"2179",2,26,26,0,1,156,0,2012,"2012SBS004",160.536363636364,4.53636363636363
"2180",7,23,23,0,1,153,3,2012,"2012SBS007",160.536363636364,7.53636363636363
"2181",7,31,31,0,1,161,-5,2012,"2012SBS009",160.536363636364,-0.463636363636368
"2182",7,29,29,0,1,161,-5,2012,"2012SBS010",160.536363636364,-0.463636363636368
"2183",8,31,31,0,1,162,-6,2012,"2012SBS011",160.536363636364,-1.46363636363637
"2184",8,32,32,0,1,162,-6,2012,"2012SBS015",160.536363636364,-1.46363636363637
"2185",8,30,30,0,1,162,-6,2012,"2012SBS016",160.536363636364,-1.46363636363637
"2186",9,33,33,0,1,163,-7,2012,"2012SBS020",160.536363636364,-2.46363636363637
"2187",9,33,33,0,1,163,-7,2012,"2012SBS021",160.536363636364,-2.46363636363637
"2188",9,33,33,0,1,163,-7,2012,"2012SBS023",160.536363636364,-2.46363636363637
"2189",9,34,34,0,1,163,-7,2012,"2012SBS025",160.536363636364,-2.46363636363637
"2190",9,29,29,0,1,161,-5,2012,"2012SBS026",160.536363636364,-0.463636363636368
"2191",9,31,31,0,1,162,-6,2012,"2012SBS029",160.536363636364,-1.46363636363637
"2192",10,23,23,0,1,156,0,2012,"2012SBS031",160.536363636364,4.53636363636363
"2193",11,38,38,0,1,165,-9,2012,"2012SBS036",160.536363636364,-4.46363636363637
"2194",11,29,29,0,1,162,-6,2012,"2012SBS037",160.536363636364,-1.46363636363637
"2195",11,34,34,0,1,165,-9,2012,"2012SBS038",160.536363636364,-4.46363636363637
"2196",11,31,31,0,1,162,-6,2012,"2012SBS041",160.536363636364,-1.46363636363637
"2197",12,37,37,0,1,166,-10,2012,"2012SBS044",160.536363636364,-5.46363636363637
"2198",12,26,26,0,1,156,0,2012,"2012SBS045",160.536363636364,4.53636363636363
"2199",13,26,26,0,1,157,-1,2012,"2012SBS048",160.536363636364,3.53636363636363
"2200",13,27,27,0,1,158,-2,2012,"2012SBS050",160.536363636364,2.53636363636363
"2201",13,31,31,0,1,162,-6,2012,"2012SBS052",160.536363636364,-1.46363636363637
"2202",18,35,35,0,1,166,-10,2012,"2012SBS061",160.536363636364,-5.46363636363637
"2203",19,24,24,0,1,155,1,2012,"2012SBS062",160.536363636364,5.53636363636363
"2204",19,21,21,0,1,152,4,2012,"2012SBS064",160.536363636364,8.53636363636363
"2205",23,29,29,0,1,160,-4,2012,"2012SBS065",160.536363636364,0.536363636363632
"2206",1,24,27,1,1,154,2,2012,"2012C00003",160.536363636364,6.53636363636363
"2207",2,2,8,1,1,153,3,2012,"2012C00007",160.536363636364,7.53636363636363
"2208",4,4,15,1,1,158,-2,2012,"2012C00008",160.536363636364,2.53636363636363
"2209",9,18,20,1,1,154,2,2012,"2012C00019",160.536363636364,6.53636363636363
"2210",15,15,30,1,1,161,-5,2012,"2012C00045",160.536363636364,-0.463636363636368
"2211",17,34,36,1,1,167,-11,2012,"2012C00046",160.536363636364,-6.46363636363637
"2212",17,17,34,1,1,168,-12,2012,"2012C00048",160.536363636364,-7.46363636363637
"2213",9,9,15,1,1,162,-6,2012,"2012M00014",160.536363636364,-1.46363636363637
"2214",10,10,24,1,1,158,-2,2012,"2012M00015",160.536363636364,2.53636363636363
"2215",13,13,24,1,1,167,-11,2012,"2012M00023",160.536363636364,-6.46363636363637
"2216",6,18,25,1,1,160,-4,2012,"2012N00003",160.536363636364,0.536363636363632
"2217",6,6,18,1,1,156,0,2012,"2012NG0007",160.536363636364,4.53636363636363
"2218",9,19,32,1,1,163,-7,2012,"2012N00026",160.536363636364,-2.46363636363637
"2219",10,17,25,1,1,162,-6,2012,"2012N00039",160.536363636364,-1.46363636363637
"2220",13,13,19,1,1,159,-3,2012,"2012N00043",160.536363636364,1.53636363636363
"2221",13,19,34,1,1,168,-12,2012,"2012N00047",160.536363636364,-7.46363636363637
"2222",18,18,32,1,1,165,-9,2012,"2012N00056",160.536363636364,-4.46363636363637
"2223",19,19,34,1,1,169,-13,2012,"2012N00058",160.536363636364,-8.46363636363637
"2224",27,27,34,1,1,165,-9,2012,"2012N00059",160.536363636364,-4.46363636363637
"2225",27,27,38,1,1,174,-18,2012,"2012N00061",160.536363636364,-13.4636363636364
"2226",1,2,12,1,1,156,0,2012,"2012SBS001",160.536363636364,4.53636363636363
"2227",9,30,34,1,1,163,-7,2012,"2012SBS018",160.536363636364,-2.46363636363637
"2228",10,18,32,1,1,164,-8,2012,"2012SBS032",160.536363636364,-3.46363636363637
"2229",16,16,28,1,1,162,-6,2012,"2012SBS056",160.536363636364,-1.46363636363637
"2230",1,19,19,0,1,154,2,2012,"2012C00004",160.536363636364,6.53636363636363
"2231",11,48,48,0,1,159,-3,2012,"2012C00038",160.536363636364,1.53636363636363
"2232",7,16,16,0,1,158,-2,2012,"2012N00018",160.536363636364,2.53636363636363
"2233",1,15,15,0,1,154,10,2013,"2013JR0001",156.944444444444,2.94444444444446
"2234",2,9,9,0,1,148,16,2013,"2013JR0008",156.944444444444,8.94444444444446
"2235",6,17,17,0,1,156,8,2013,"2013JR0015",156.944444444444,0.944444444444457
"2236",7,14,14,0,1,153,11,2013,"2013JR0030",156.944444444444,3.94444444444446
"2237",1,19,19,0,1,158,6,2013,"2013KP0001",156.944444444444,-1.05555555555554
"2238",2,12,12,0,1,151,13,2013,"2013KP0005",156.944444444444,5.94444444444446
"2239",2,16,16,0,1,155,9,2013,"2013KP0007",156.944444444444,1.94444444444446
"2240",6,16,16,0,1,151,13,2013,"2013KP0019",156.944444444444,5.94444444444446
"2241",6,16,16,0,1,158,6,2013,"2013KP0021",156.944444444444,-1.05555555555554
"2242",13,16,16,0,1,155,9,2013,"2013KP0037",156.944444444444,1.94444444444446
"2243",2,14,14,0,1,152,12,2013,"2013MG0007",156.944444444444,4.94444444444446
"2244",5,20,20,0,1,159,5,2013,"2013MG0017",156.944444444444,-2.05555555555554
"2245",5,20,20,0,1,159,5,2013,"2013MG0020",156.944444444444,-2.05555555555554
"2246",6,17,17,0,1,156,8,2013,"2013MG0024",156.944444444444,0.944444444444457
"2247",7,12,12,0,1,151,13,2013,"2013MG0030",156.944444444444,5.94444444444446
"2248",7,18,18,0,1,151,13,2013,"2013MG0031",156.944444444444,5.94444444444446
"2249",8,16,16,0,1,154,10,2013,"2013MG0036",156.944444444444,2.94444444444446
"2250",13,20,20,0,1,155,9,2013,"2013MG0042",156.944444444444,1.94444444444446
"2251",14,16,16,0,1,154,10,2013,"2013MG0046",156.944444444444,2.94444444444446
"2252",1,14,14,0,1,153,11,2013,"2013TH0002",156.944444444444,3.94444444444446
"2253",5,16,16,0,1,157,7,2013,"2013TH0010",156.944444444444,-0.0555555555555429
"2254",6,15,15,0,1,154,10,2013,"2013TH0017",156.944444444444,2.94444444444446
"2255",6,14,14,0,1,151,13,2013,"2013TH0018",156.944444444444,5.94444444444446
"2256",6,16,16,0,1,159,5,2013,"2013TH0019",156.944444444444,-2.05555555555554
"2257",6,20,20,0,1,159,5,2013,"2013TH0020",156.944444444444,-2.05555555555554
"2258",7,12,12,0,1,153,11,2013,"2013TH0025",156.944444444444,3.94444444444446
"2259",9,13,13,0,1,152,12,2013,"2013TH0036",156.944444444444,4.94444444444446
"2260",9,12,12,0,1,151,13,2013,"2013TH0040",156.944444444444,5.94444444444446
"2261",14,18,18,0,1,157,7,2013,"2013TH0042",156.944444444444,-0.0555555555555429
"2262",2,2,15,1,1,159,5,2013,"2013JR0009",156.944444444444,-2.05555555555554
"2263",2,2,6,1,1,158,6,2013,"2013JR0011",156.944444444444,-1.05555555555554
"2264",1,1,12,1,1,163,1,2013,"2013KP0004",156.944444444444,-6.05555555555554
"2265",2,13,15,1,1,155,9,2013,"2013KP0010",156.944444444444,1.94444444444446
"2266",5,12,14,1,1,153,11,2013,"2013KP0014",156.944444444444,3.94444444444446
"2267",7,7,15,1,1,156,8,2013,"2013KP0024",156.944444444444,0.944444444444457
"2268",7,12,15,1,1,152,12,2013,"2013KP0030",156.944444444444,4.94444444444446
"2269",7,7,15,1,1,155,9,2013,"2013MG0034",156.944444444444,1.94444444444446
"2270",6,15,20,1,1,160,4,2013,"2013TH0015",156.944444444444,-3.05555555555554
"2271",7,7,15,1,1,159,5,2013,"2013TH0023",156.944444444444,-2.05555555555554
"2272",7,7,11,1,1,152,12,2013,"2013TH0027",156.944444444444,4.94444444444446
"2273",8,8,16,1,1,167,-3,2013,"2013TH0031",156.944444444444,-10.0555555555555
"2274",8,8,16,1,1,162,2,2013,"2013TH0034",156.944444444444,-5.05555555555554
"2275",2,20,20,0,1,164,0,2013,"2013JR0004",156.944444444444,-7.05555555555554
"2276",6,20,20,0,1,156,8,2013,"2013JR0023",156.944444444444,0.944444444444457
"2277",13,20,20,0,1,167,-3,2013,"2013JR0037",156.944444444444,-10.0555555555555
"2278",6,20,20,0,1,160,4,2013,"2013KP0016",156.944444444444,-3.05555555555554
"2279",2,20,20,0,1,163,1,2013,"2013MG0010",156.944444444444,-6.05555555555554
"2280",5,21,21,0,1,162,2,2013,"2013MG0015",156.944444444444,-5.05555555555554
"2281",6,20,20,0,1,164,0,2013,"2013MG0027",156.944444444444,-7.05555555555554
"2282",7,20,20,0,1,169,-5,2013,"2013MG0028",156.944444444444,-12.0555555555555
"2283",8,20,20,0,1,162,2,2013,"2013MG0038",156.944444444444,-5.05555555555554
"2284",8,20,20,0,1,162,2,2013,"2013MG0039",156.944444444444,-5.05555555555554
"2285",13,20,20,0,1,163,1,2013,"2013MG0044",156.944444444444,-6.05555555555554
"2286",8,20,20,0,1,156,8,2013,"2013TH0033",156.944444444444,0.944444444444457
"2287",2,17,17,0,1,150,3,2014,"2014CM002",142.964285714286,-7.03571428571428
"2288",3,10,10,0,1,135,18,2014,"2014CM005",142.964285714286,7.96428571428572
"2289",3,10,10,0,1,138,15,2014,"2014CM006",142.964285714286,4.96428571428572
"2290",3,11,11,0,1,139,14,2014,"2014CM007",142.964285714286,3.96428571428572
"2291",3,12,12,0,1,134,19,2014,"2014CM009",142.964285714286,8.96428571428572
"2292",3,14,14,0,1,142,11,2014,"2014CM010B",142.964285714286,0.964285714285722
"2293",3,6,6,0,1,134,19,2014,"2014CM012",142.964285714286,8.96428571428572
"2294",4,11,11,0,1,139,14,2014,"2014CM013",142.964285714286,3.96428571428572
"2295",4,8,8,0,1,136,17,2014,"2014CM014",142.964285714286,6.96428571428572
"2296",4,15,15,0,1,143,10,2014,"2014CM015",142.964285714286,-0.0357142857142776
"2297",5,12,12,0,1,140,13,2014,"2014CM016",142.964285714286,2.96428571428572
"2298",7,17,17,0,1,145,8,2014,"2014CM025",142.964285714286,-2.03571428571428
"2299",13,14,14,0,1,142,11,2014,"2014CM029",142.964285714286,0.964285714285722
"2300",2,13,13,0,1,141,12,2014,"2014EW003",142.964285714286,1.96428571428572
"2301",3,26,26,0,1,154,-1,2014,"2014EW005",142.964285714286,-11.0357142857143
"2302",3,8,8,0,1,132,21,2014,"2014EW007",142.964285714286,10.9642857142857
"2303",4,16,16,0,1,144,9,2014,"2014EW011",142.964285714286,-1.03571428571428
"2304",5,14,14,0,1,142,11,2014,"2014EW016",142.964285714286,0.964285714285722
"2305",5,15,15,0,1,144,9,2014,"2014EW020",142.964285714286,-1.03571428571428
"2306",5,6,6,0,1,134,19,2014,"2014EW021",142.964285714286,8.96428571428572
"2307",3,7,7,0,1,135,18,2014,"2014EW023",142.964285714286,7.96428571428572
"2308",6,9,9,0,1,137,16,2014,"2014EW025",142.964285714286,5.96428571428572
"2309",7,25,25,0,1,154,-1,2014,"2014EW026",142.964285714286,-11.0357142857143
"2310",11,17,17,0,1,145,8,2014,"2014EW028",142.964285714286,-2.03571428571428
"2311",11,20,20,0,1,148,5,2014,"2014EW029",142.964285714286,-5.03571428571428
"2312",1,18,18,0,1,146,7,2014,"2014JB003",142.964285714286,-3.03571428571428
"2313",2,10,10,0,1,138,15,2014,"2014JB004",142.964285714286,4.96428571428572
"2314",3,11,11,0,1,139,14,2014,"2014JB007",142.964285714286,3.96428571428572
"2315",4,20,20,0,1,148,5,2014,"2014JB010",142.964285714286,-5.03571428571428
"2316",4,8,8,0,1,136,17,2014,"2014JB014",142.964285714286,6.96428571428572
"2317",4,19,19,0,1,147,6,2014,"2014JB016",142.964285714286,-4.03571428571428
"2318",4,13,13,0,1,141,12,2014,"2014JB017",142.964285714286,1.96428571428572
"2319",4,13,13,0,1,141,12,2014,"2014JB019",142.964285714286,1.96428571428572
"2320",5,9,9,0,1,137,16,2014,"2014JB021",142.964285714286,5.96428571428572
"2321",5,6,6,0,1,134,19,2014,"2014JB022",142.964285714286,8.96428571428572
"2322",6,43,43,0,1,153,0,2014,"2014JB024",142.964285714286,-10.0357142857143
"2323",7,10,10,0,1,138,15,2014,"2014JB026",142.964285714286,4.96428571428572
"2324",7,8,8,0,1,136,17,2014,"2014JB027",142.964285714286,6.96428571428572
"2325",12,15,15,0,1,143,10,2014,"2014JB030",142.964285714286,-0.0357142857142776
"2326",2,9,9,0,1,137,16,2014,"2014LB001",142.964285714286,5.96428571428572
"2327",3,14,14,0,1,142,11,2014,"2014LB007",142.964285714286,0.964285714285722
"2328",3,24,24,0,1,152,1,2014,"2014LB008",142.964285714286,-9.03571428571428
"2329",4,17,17,0,1,145,8,2014,"2014LB011",142.964285714286,-2.03571428571428
"2330",4,5,5,0,1,133,20,2014,"2014LB013",142.964285714286,9.96428571428572
"2331",4,7,7,0,1,135,18,2014,"2014LB014",142.964285714286,7.96428571428572
"2332",4,12,12,0,1,135,18,2014,"2014LB016",142.964285714286,7.96428571428572
"2333",4,6,6,0,1,134,19,2014,"2014LB017",142.964285714286,8.96428571428572
"2334",5,8,8,0,1,136,17,2014,"2014LB020",142.964285714286,6.96428571428572
"2335",22,27,27,0,1,155,-2,2014,"2014LB040",142.964285714286,-12.0357142857143
"2336",1,41,41,0,1,150,3,2014,"2014NG003",142.964285714286,-7.03571428571428
"2337",1,16,16,0,1,144,9,2014,"2014NG004",142.964285714286,-1.03571428571428
"2338",3,10,10,0,1,138,15,2014,"2014NG011",142.964285714286,4.96428571428572
"2339",3,5,5,0,1,133,20,2014,"2014NG019",142.964285714286,9.96428571428572
"2340",4,13,13,0,1,141,12,2014,"2014NG020",142.964285714286,1.96428571428572
"2341",4,18,18,0,1,146,7,2014,"2014NG022",142.964285714286,-3.03571428571428
"2342",4,13,13,0,1,141,12,2014,"2014NG024",142.964285714286,1.96428571428572
"2343",4,23,23,0,1,151,2,2014,"2014NG028",142.964285714286,-8.03571428571428
"2344",4,27,27,0,1,155,-2,2014,"2014NG029",142.964285714286,-12.0357142857143
"2345",5,12,12,0,1,140,13,2014,"2014NG031",142.964285714286,2.96428571428572
"2346",5,18,18,0,1,146,7,2014,"2014NG032",142.964285714286,-3.03571428571428
"2347",5,8,8,0,1,136,17,2014,"2014NG033",142.964285714286,6.96428571428572
"2348",6,27,27,0,1,155,-2,2014,"2014NG034",142.964285714286,-12.0357142857143
"2349",7,9,9,0,1,137,16,2014,"2014NG036",142.964285714286,5.96428571428572
"2350",7,8,8,0,1,136,17,2014,"2014NG037",142.964285714286,6.96428571428572
"2351",7,12,12,0,1,140,13,2014,"2014NG038",142.964285714286,2.96428571428572
"2352",9,10,10,0,1,138,15,2014,"2014NG040",142.964285714286,4.96428571428572
"2353",12,16,16,0,1,143,10,2014,"2014NG043",142.964285714286,-0.0357142857142776
"2354",12,13,13,0,1,141,12,2014,"2014NG044",142.964285714286,1.96428571428572
"2355",1,1,20,1,1,150,3,2014,"2014BG002",142.964285714286,-7.03571428571428
"2356",13,18,20,1,1,148,5,2014,"2014CM027",142.964285714286,-5.03571428571428
"2357",13,18,20,1,1,148,5,2014,"2014CM034",142.964285714286,-5.03571428571428
"2358",1,1,15,1,1,146,7,2014,"2014EW001",142.964285714286,-3.03571428571428
"2359",12,12,20,1,1,155,-2,2014,"2014JB028",142.964285714286,-12.0357142857143
"2360",13,15,16,1,1,144,9,2014,"2014JB031",142.964285714286,-1.03571428571428
"2361",3,3,18,1,1,148,5,2014,"2014LB009",142.964285714286,-5.03571428571428
"2362",5,13,16,1,1,138,15,2014,"2014LB026",142.964285714286,4.96428571428572
"2363",13,24,28,1,1,158,-5,2014,"2014LB037",142.964285714286,-15.0357142857143
"2364",15,24,29,1,1,166,-13,2014,"2014LB039",142.964285714286,-23.0357142857143
"2365",1,1,16,1,1,144,9,2014,"2014NG001",142.964285714286,-1.03571428571428
"2366",1,1,16,1,1,150,3,2014,"2014NG006",142.964285714286,-7.03571428571428
"2367",3,19,22,1,1,150,3,2014,"2014NG018",142.964285714286,-7.03571428571428
"2368",4,4,16,1,1,151,2,2014,"2014NG027",142.964285714286,-8.03571428571428
"2369",12,17,17,0,1,143,10,2014,"2014EW031",142.964285714286,-0.0357142857142776
"2370",12,30,30,0,1,151,2,2014,"2014JB029",142.964285714286,-8.03571428571428
"2371",3,12,12,0,1,145,8,2015,"2015C08",149.764705882353,4.76470588235293
"2372",3,6,6,0,1,134,19,2015,"2015C09",149.764705882353,15.7647058823529
"2373",3,6,6,0,1,134,19,2015,"2015C10",149.764705882353,15.7647058823529
"2374",3,24,24,0,1,155,-2,2015,"2015C11",149.764705882353,-5.23529411764707
"2375",5,15,15,0,1,144,9,2015,"2015C14",149.764705882353,5.76470588235293
"2376",12,16,16,0,1,144,9,2015,"2015C30",149.764705882353,5.76470588235293
"2377",12,15,15,0,1,143,10,2015,"2015C32",149.764705882353,6.76470588235293
"2378",15,16,16,0,1,144,9,2015,"2015C35",149.764705882353,5.76470588235293
"2379",2,8,8,0,1,134,19,2015,"2015I02",149.764705882353,15.7647058823529
"2380",2,17,17,0,1,145,8,2015,"2015I03",149.764705882353,4.76470588235293
"2381",5,11,11,0,1,139,14,2015,"2015I11",149.764705882353,10.7647058823529
"2382",6,21,21,0,1,149,4,2015,"2015I19",149.764705882353,0.764705882352928
"2383",8,11,11,0,1,139,14,2015,"2015I21",149.764705882353,10.7647058823529
"2384",12,15,15,0,1,143,10,2015,"2015I34",149.764705882353,6.76470588235293
"2385",4,19,19,0,1,147,6,2015,"2015M13",149.764705882353,2.76470588235293
"2386",6,13,13,0,1,141,12,2015,"2015M20",149.764705882353,8.76470588235293
"2387",15,26,26,0,1,153,0,2015,"2015M40",149.764705882353,-3.23529411764707
"2388",16,21,24,1,1,166,-13,2015,"2015C16",149.764705882353,-16.2352941176471
"2389",6,6,19,1,1,157,-4,2015,"2015C17",149.764705882353,-7.23529411764707
"2390",6,6,18,1,1,152,1,2015,"2015C18",149.764705882353,-2.23529411764707
"2391",16,16,18,1,1,159,-6,2015,"2015C20",149.764705882353,-9.23529411764707
"2392",6,6,19,1,1,157,-4,2015,"2015C22",149.764705882353,-7.23529411764707
"2393",7,7,11,1,1,140,13,2015,"2015C23",149.764705882353,9.76470588235293
"2394",7,7,11,1,1,156,-3,2015,"2015C24",149.764705882353,-6.23529411764707
"2395",8,8,17,1,1,155,-2,2015,"2015C25",149.764705882353,-5.23529411764707
"2396",8,8,17,1,1,159,-6,2015,"2015C26",149.764705882353,-9.23529411764707
"2397",9,9,18,1,1,155,-2,2015,"2015C27",149.764705882353,-5.23529411764707
"2398",9,9,16,1,1,144,9,2015,"2015C28",149.764705882353,5.76470588235293
"2399",10,10,24,1,1,161,-8,2015,"2015C29",149.764705882353,-11.2352941176471
"2400",1,7,11,1,1,141,12,2015,"2015I01",149.764705882353,8.76470588235293
"2401",3,14,17,1,1,145,8,2015,"2015I04",149.764705882353,4.76470588235293
"2402",3,3,17,1,1,154,-1,2015,"2015I05",149.764705882353,-4.23529411764707
"2403",5,24,25,1,1,156,-3,2015,"2015I09",149.764705882353,-6.23529411764707
"2404",5,10,12,1,1,140,13,2015,"2015I10",149.764705882353,9.76470588235293
"2405",5,21,23,1,1,156,-3,2015,"2015I12",149.764705882353,-6.23529411764707
"2406",5,15,20,1,1,148,5,2015,"2015I13",149.764705882353,1.76470588235293
"2407",6,6,22,1,1,157,-4,2015,"2015I15",149.764705882353,-7.23529411764707
"2408",11,15,24,1,1,154,-1,2015,"2015I26",149.764705882353,-4.23529411764707
"2409",11,11,14,1,1,142,11,2015,"2015I28",149.764705882353,7.76470588235293
"2410",12,12,22,1,1,155,-2,2015,"2015I29",149.764705882353,-5.23529411764707
"2411",12,15,18,1,1,146,7,2015,"2015I33",149.764705882353,3.76470588235293
"2412",17,20,22,1,1,152,1,2015,"2015I35",149.764705882353,-2.23529411764707
"2413",17,17,19,1,1,147,6,2015,"2015I36",149.764705882353,2.76470588235293
"2414",21,24,27,1,1,172,-19,2015,"2015K01",149.764705882353,-22.2352941176471
"2415",1,1,18,1,1,152,1,2015,"2015M01",149.764705882353,-2.23529411764707
"2416",1,1,19,1,1,152,1,2015,"2015M02",149.764705882353,-2.23529411764707
"2417",2,2,19,1,1,153,0,2015,"2015M04",149.764705882353,-3.23529411764707
"2418",2,2,16,1,1,145,8,2015,"2015M05",149.764705882353,4.76470588235293
"2419",3,3,14,1,1,146,7,2015,"2015M08",149.764705882353,3.76470588235293
"2420",4,4,17,1,1,155,-2,2015,"2015M11",149.764705882353,-5.23529411764707
"2421",4,4,18,1,1,152,1,2015,"2015M12",149.764705882353,-2.23529411764707
"2422",4,4,18,1,1,155,-2,2015,"2015M14",149.764705882353,-5.23529411764707
"2423",4,18,22,1,1,151,2,2015,"2015M15",149.764705882353,-1.23529411764707
"2424",6,15,17,1,1,153,0,2015,"2015M16",149.764705882353,-3.23529411764707
"2425",6,12,14,1,1,142,11,2015,"2015M18",149.764705882353,7.76470588235293
"2426",7,11,16,1,1,146,7,2015,"2015M21",149.764705882353,3.76470588235293
"2427",7,7,11,1,1,150,3,2015,"2015M23",149.764705882353,-0.235294117647072
"2428",8,11,14,1,1,142,11,2015,"2015M27",149.764705882353,7.76470588235293
"2429",8,8,11,1,1,151,2,2015,"2015M29",149.764705882353,-1.23529411764707
"2430",8,8,12,1,1,140,13,2015,"2015M31",149.764705882353,9.76470588235293
"2431",10,10,17,1,1,148,5,2015,"2015M32",149.764705882353,1.76470588235293
"2432",15,21,24,1,1,160,-7,2015,"2015M38",149.764705882353,-10.2352941176471
"2433",5,24,24,0,1,156,-3,2015,"2015C12",149.764705882353,-6.23529411764707
"2434",19,24,24,0,1,170,-17,2015,"2015C38",149.764705882353,-20.2352941176471
"2435",11,25,25,0,1,154,-1,2015,"2015I27",149.764705882353,-4.23529411764707
"2436",17,25,25,0,1,148,5,2015,"2015I37",149.764705882353,1.76470588235293
"2437",12,24,24,0,1,147,6,2015,"2015M36",149.764705882353,2.76470588235293
"2438",15,24,24,0,1,157,-4,2015,"2015M39",149.764705882353,-7.23529411764707
"2439",2,24,24,0,1,137,16,2019,"2019AGB017",141.878787878788,4.87878787878788
"2440",2,23,23,0,1,134,19,2019,"2019AGB019",141.878787878788,7.87878787878788
"2441",5,26,26,0,1,140,13,2019,"2019AGB041",141.878787878788,1.87878787878788
"2442",7,23,23,0,1,136,17,2019,"2019AGB049",141.878787878788,5.87878787878788
"2443",7,29,29,0,1,142,11,2019,"2019AGB050",141.878787878788,-0.121212121212125
"2444",7,31,31,0,1,142,11,2019,"2019AGB054",141.878787878788,-0.121212121212125
"2445",7,23,23,0,1,136,17,2019,"2019AGB055",141.878787878788,5.87878787878788
"2446",7,24,24,0,1,136,17,2019,"2019AGB056",141.878787878788,5.87878787878788
"2447",7,31,31,0,1,142,11,2019,"2019AGB058",141.878787878788,-0.121212121212125
"2448",9,28,28,0,1,144,9,2019,"2019AGB066",141.878787878788,-2.12121212121212
"2449",10,30,30,0,1,142,11,2019,"2019AGB072",141.878787878788,-0.121212121212125
"2450",10,31,31,0,1,145,8,2019,"2019AGB074",141.878787878788,-3.12121212121212
"2451",10,25,25,0,1,136,17,2019,"2019AGB075",141.878787878788,5.87878787878788
"2452",11,29,29,0,1,143,10,2019,"2019AGB076",141.878787878788,-1.12121212121212
"2453",11,30,30,0,1,145,8,2019,"2019AGB078",141.878787878788,-3.12121212121212
"2454",11,30,30,0,1,143,10,2019,"2019AGB079",141.878787878788,-1.12121212121212
"2455",12,27,27,0,1,138,15,2019,"2019AGB080",141.878787878788,3.87878787878788
"2456",1,22,22,0,1,130,23,2019,"2019BLD202",141.878787878788,11.8787878787879
"2457",2,24,24,0,1,137,16,2019,"2019BLD215",141.878787878788,4.87878787878788
"2458",2,28,28,0,1,137,16,2019,"2019BLD216",141.878787878788,4.87878787878788
"2459",3,24,24,0,1,138,15,2019,"2019BLD228",141.878787878788,3.87878787878788
"2460",23,25,25,0,1,138,15,2019,"2019BLD254",141.878787878788,3.87878787878788
"2461",24,29,29,0,1,140,13,2019,"2019BLD255",141.878787878788,1.87878787878788
"2462",15,27,27,0,1,140,13,2019,"2019DJR004",141.878787878788,1.87878787878788
"2463",15,31,31,0,1,144,9,2019,"2019DJR006",141.878787878788,-2.12121212121212
"2464",16,29,29,0,1,141,12,2019,"2019DJR007",141.878787878788,0.878787878787875
"2465",16,26,26,0,1,137,16,2019,"2019DJR008",141.878787878788,4.87878787878788
"2466",16,24,24,0,1,137,16,2019,"2019DJR009",141.878787878788,4.87878787878788
"2467",16,29,29,0,1,141,12,2019,"2019DJR010",141.878787878788,0.878787878787875
"2468",16,31,31,0,1,145,8,2019,"2019DJR011",141.878787878788,-3.12121212121212
"2469",16,35,35,0,1,145,8,2019,"2019DJR012",141.878787878788,-3.12121212121212
"2470",16,28,28,0,1,141,12,2019,"2019DJR013",141.878787878788,0.878787878787875
"2471",16,19,19,0,1,132,21,2019,"2019DJR014",141.878787878788,9.87878787878788
"2472",18,26,26,0,1,135,18,2019,"2019DJR017",141.878787878788,6.87878787878788
"2473",19,23,23,0,1,135,18,2019,"2019DJR018",141.878787878788,6.87878787878788
"2474",19,24,24,0,1,135,18,2019,"2019DJR019",141.878787878788,6.87878787878788
"2475",19,24,24,0,1,136,17,2019,"2019DJR021",141.878787878788,5.87878787878788
"2476",19,21,21,0,1,134,19,2019,"2019DJR022",141.878787878788,7.87878787878788
"2477",20,33,33,0,1,145,8,2019,"2019DJR023",141.878787878788,-3.12121212121212
"2478",21,24,24,0,1,137,16,2019,"2019DJR024",141.878787878788,4.87878787878788
"2479",21,27,27,0,1,138,15,2019,"2019DJR026",141.878787878788,3.87878787878788
"2480",25,34,34,0,1,142,11,2019,"2019DJR030",141.878787878788,-0.121212121212125
"2481",19,22,22,0,1,135,18,2019,"2019JAM001",141.878787878788,6.87878787878788
"2482",19,33,33,0,1,136,17,2019,"2019JAM002",141.878787878788,5.87878787878788
"2483",20,26,26,0,1,136,17,2019,"2019JAM006",141.878787878788,5.87878787878788
"2484",20,28,28,0,1,136,17,2019,"2019JAM007",141.878787878788,5.87878787878788
"2485",20,27,27,0,1,139,14,2019,"2019JAM008",141.878787878788,2.87878787878788
"2486",20,24,24,0,1,139,14,2019,"2019JAM009",141.878787878788,2.87878787878788
"2487",20,30,30,0,1,146,7,2019,"2019JAM010",141.878787878788,-4.12121212121212
"2488",21,35,35,0,1,147,6,2019,"2019JAM011",141.878787878788,-5.12121212121212
"2489",7,25,25,0,1,142,11,2019,"2019JCA041",141.878787878788,-0.121212121212125
"2490",7,23,23,0,1,133,20,2019,"2019JCA044",141.878787878788,8.87878787878788
"2491",12,31,31,0,1,146,7,2019,"2019JCA061",141.878787878788,-4.12121212121212
"2492",20,33,33,0,1,144,9,2019,"2019JCA066",141.878787878788,-2.12121212121212
"2493",2,26,26,0,1,137,16,2019,"2019JMT219",141.878787878788,4.87878787878788
"2494",7,28,28,0,1,142,11,2019,"2019JMT235",141.878787878788,-0.121212121212125
"2495",7,26,26,0,1,139,14,2019,"2019JMT236",141.878787878788,2.87878787878788
"2496",10,29,29,0,1,145,8,2019,"2019JMT242",141.878787878788,-3.12121212121212
"2497",10,29,29,0,1,142,11,2019,"2019JMT243",141.878787878788,-0.121212121212125
"2498",9,35,35,0,1,144,9,2019,"2019JMT244",141.878787878788,-2.12121212121212
"2499",15,30,30,0,1,144,9,2019,"2019JMT250",141.878787878788,-2.12121212121212
"2500",21,26,26,0,1,138,15,2019,"2019JMT255",141.878787878788,3.87878787878788
"2501",16,26,26,0,1,137,16,2019,"2019MLB003",141.878787878788,4.87878787878788
"2502",18,22,22,0,1,135,18,2019,"2019MLB005",141.878787878788,6.87878787878788
"2503",18,26,26,0,1,137,16,2019,"2019MLB006",141.878787878788,4.87878787878788
"2504",19,26,26,0,1,136,17,2019,"2019MLB008",141.878787878788,5.87878787878788
"2505",19,28,28,0,1,138,15,2019,"2019MLB009",141.878787878788,3.87878787878788
"2506",20,27,27,0,1,136,17,2019,"2019MLB014",141.878787878788,5.87878787878788
"2507",25,27,27,0,1,140,13,2019,"2019MLB015",141.878787878788,1.87878787878788
"2508",26,29,29,0,1,142,11,2019,"2019MLB017",141.878787878788,-0.121212121212125
"2509",1,27,27,0,1,136,17,2019,"2019RJF204",141.878787878788,5.87878787878788
"2510",3,20,20,0,1,129,24,2019,"2019RJF230",141.878787878788,12.8787878787879
"2511",3,30,30,0,1,138,15,2019,"2019RJF234",141.878787878788,3.87878787878788
"2512",7,26,26,0,1,139,14,2019,"2019RJF249",141.878787878788,2.87878787878788
"2513",7,22,22,0,1,136,17,2019,"2019RJF251",141.878787878788,5.87878787878788
"2514",7,29,29,0,1,142,11,2019,"2019RJF252",141.878787878788,-0.121212121212125
"2515",7,27,27,0,1,142,11,2019,"2019RJF253",141.878787878788,-0.121212121212125
"2516",7,24,24,0,1,136,17,2019,"2019RJF254",141.878787878788,5.87878787878788
"2517",7,21,21,0,1,139,14,2019,"2019RJF255",141.878787878788,2.87878787878788
"2518",7,22,22,0,1,142,11,2019,"2019RJF256",141.878787878788,-0.121212121212125
"2519",10,26,26,0,1,139,14,2019,"2019RJF262",141.878787878788,2.87878787878788
"2520",10,29,29,0,1,142,11,2019,"2019RJF266",141.878787878788,-0.121212121212125
"2521",2,23,23,0,1,136,17,2019,"2019TCD001",141.878787878788,5.87878787878788
"2522",3,20,20,0,1,129,24,2019,"2019TCD002",141.878787878788,12.8787878787879
"2523",4,23,23,0,1,139,14,2019,"2019TCD003",141.878787878788,2.87878787878788
"2524",7,27,27,0,1,141,12,2019,"2019TCD004",141.878787878788,0.878787878787875
"2525",7,29,29,0,1,142,11,2019,"2019TCD005",141.878787878788,-0.121212121212125
"2526",7,29,29,0,1,142,11,2019,"2019TCD008",141.878787878788,-0.121212121212125
"2527",10,30,30,0,1,145,8,2019,"2019TCD011",141.878787878788,-3.12121212121212
"2528",10,29,29,0,1,145,8,2019,"2019TCD012",141.878787878788,-3.12121212121212
"2529",11,26,26,0,1,146,7,2019,"2019TCD015",141.878787878788,-4.12121212121212
"2530",12,34,34,0,1,147,6,2019,"2019TCD016",141.878787878788,-5.12121212121212
"2531",12,34,34,0,1,147,6,2019,"2019TCD017",141.878787878788,-5.12121212121212
"2532",15,32,32,0,1,150,3,2019,"2019TCD023",141.878787878788,-8.12121212121212
"2533",19,21,21,0,1,134,19,2019,"2019TCD027",141.878787878788,7.87878787878788
"2534",22,28,28,0,1,141,12,2019,"2019TCD028",141.878787878788,0.878787878787875
"2535",23,26,26,0,1,139,14,2019,"2019TCD032",141.878787878788,2.87878787878788
"2536",3,3,16,1,1,138,15,2019,"2019AGB025",141.878787878788,3.87878787878788
"2537",4,4,17,1,1,139,14,2019,"2019AGB033",141.878787878788,2.87878787878788
"2538",4,4,24,1,1,139,14,2019,"2019AGB035",141.878787878788,2.87878787878788
"2539",7,27,28,1,1,139,14,2019,"2019AGB047",141.878787878788,2.87878787878788
"2540",7,7,25,1,1,142,11,2019,"2019AGB048",141.878787878788,-0.121212121212125
"2541",7,26,28,1,1,139,14,2019,"2019AGB051",141.878787878788,2.87878787878788
"2542",7,7,18,1,1,142,11,2019,"2019AGB052",141.878787878788,-0.121212121212125
"2543",7,7,18,1,1,142,11,2019,"2019AGB053",141.878787878788,-0.121212121212125
"2544",7,26,28,1,1,142,11,2019,"2019AGB057",141.878787878788,-0.121212121212125
"2545",9,27,29,1,1,138,15,2019,"2019AGB069",141.878787878788,3.87878787878788
"2546",10,10,23,1,1,145,8,2019,"2019AGB073",141.878787878788,-3.12121212121212
"2547",12,12,20,1,1,147,6,2019,"2019AGB081",141.878787878788,-5.12121212121212
"2548",20,27,30,1,1,149,4,2019,"2019AGB087",141.878787878788,-7.12121212121212
"2549",26,27,29,1,1,141,12,2019,"2019AGB095",141.878787878788,0.878787878787875
"2550",2,20,22,1,1,137,16,2019,"2019BLD218",141.878787878788,4.87878787878788
"2551",3,8,24,1,1,138,15,2019,"2019BLD226",141.878787878788,3.87878787878788
"2552",7,7,26,1,1,139,14,2019,"2019BLD235",141.878787878788,2.87878787878788
"2553",15,15,25,1,1,141,12,2019,"2019DJR001",141.878787878788,0.878787878787875
"2554",15,23,24,1,1,147,6,2019,"2019DJR002",141.878787878788,-5.12121212121212
"2555",16,26,28,1,1,141,12,2019,"2019DJR016",141.878787878788,0.878787878787875
"2556",19,31,34,1,1,148,5,2019,"2019DJR020",141.878787878788,-6.12121212121212
"2557",21,21,23,1,1,156,-3,2019,"2019DJR025",141.878787878788,-14.1212121212121
"2558",22,22,32,1,1,157,-4,2019,"2019DJR028",141.878787878788,-15.1212121212121
"2559",25,28,29,1,1,144,9,2019,"2019DJR029",141.878787878788,-2.12121212121212
"2560",19,19,32,1,1,151,2,2019,"2019JAM003",141.878787878788,-9.12121212121212
"2561",25,29,32,1,1,146,7,2019,"2019JAM012",141.878787878788,-4.12121212121212
"2562",7,9,18,1,1,142,11,2019,"2019JCA042",141.878787878788,-0.121212121212125
"2563",7,7,26,1,1,142,11,2019,"2019JCA043",141.878787878788,-0.121212121212125
"2564",9,9,32,1,1,144,9,2019,"2019JCA047",141.878787878788,-2.12121212121212
"2565",10,10,28,1,1,145,8,2019,"2019JCA053",141.878787878788,-3.12121212121212
"2566",11,11,29,1,1,146,7,2019,"2019JCA059",141.878787878788,-4.12121212121212
"2567",9,9,31,1,1,144,9,2019,"2019JMT238",141.878787878788,-2.12121212121212
"2568",10,25,27,1,1,136,17,2019,"2019JMT241",141.878787878788,5.87878787878788
"2569",12,12,26,1,1,141,12,2019,"2019JMT246",141.878787878788,0.878787878787875
"2570",24,28,29,1,1,145,8,2019,"2019JMT258",141.878787878788,-3.12121212121212
"2571",3,21,23,1,1,138,15,2019,"2019RJF238",141.878787878788,3.87878787878788
"2572",9,25,28,1,1,141,12,2019,"2019RJF259",141.878787878788,0.878787878787875
"2573",8,8,24,1,1,137,16,2019,"2019TCD006",141.878787878788,4.87878787878788
"2574",7,25,28,1,1,139,14,2019,"2019TCD007",141.878787878788,2.87878787878788
"2575",10,10,28,1,1,145,8,2019,"2019TCD009",141.878787878788,-3.12121212121212
"2576",11,29,32,1,1,146,7,2019,"2019TCD013",141.878787878788,-4.12121212121212
"2577",15,32,33,1,1,150,3,2019,"2019TCD018",141.878787878788,-8.12121212121212
"2578",15,29,30,1,1,150,3,2019,"2019TCD019",141.878787878788,-8.12121212121212
"2579",15,15,21,1,1,150,3,2019,"2019TCD020",141.878787878788,-8.12121212121212
"2580",15,21,30,1,1,150,3,2019,"2019TCD021",141.878787878788,-8.12121212121212
"2581",15,15,31,1,1,144,9,2019,"2019TCD022",141.878787878788,-2.12121212121212
"2582",22,22,35,1,1,157,-4,2019,"2019TCD029",141.878787878788,-15.1212121212121
"2583",20,33,33,0,1,152,1,2019,"2019AGB088",141.878787878788,-10.1212121212121
"2584",22,35,35,0,1,154,-1,2019,"2019AGB092",141.878787878788,-12.1212121212121
"2585",24,35,35,0,1,159,-6,2019,"2019AGB093",141.878787878788,-17.1212121212121
"2586",15,33,33,0,1,147,6,2019,"2019DJR003",141.878787878788,-5.12121212121212
"2587",15,34,34,0,1,148,5,2019,"2019DJR005",141.878787878788,-6.12121212121212
"2588",11,35,35,0,1,146,7,2019,"2019JMT245",141.878787878788,-4.12121212121212
"2589",18,35,35,0,1,147,6,2019,"2019JMT254",141.878787878788,-5.12121212121212
"2590",31,32,32,0,1,147,6,2019,"2019JMT260",141.878787878788,-5.12121212121212
"2591",15,35,35,0,1,150,3,2019,"2019MLB002",141.878787878788,-8.12121212121212
"2592",19,34,34,0,1,148,5,2019,"2019MLB010",141.878787878788,-6.12121212121212
"2593",20,34,34,0,1,141,12,2019,"2019MLB011",141.878787878788,0.878787878787875
"2594",20,34,34,0,1,141,12,2019,"2019MLB013",141.878787878788,0.878787878787875
"2595",24,34,34,0,1,145,8,2019,"2019MLB016",141.878787878788,-3.12121212121212
"2596",28,34,34,0,1,160,-7,2019,"2019MLB018",141.878787878788,-18.1212121212121
"2597",7,34,34,0,1,142,11,2019,"2019RJF250",141.878787878788,-0.121212121212125
"2598",8,28,28,0,1,143,10,2019,"2019RJF257",141.878787878788,-1.12121212121212
"2599",17,33,33,0,1,152,1,2019,"2019RJF270",141.878787878788,-10.1212121212121
"2600",19,34,34,0,1,145,8,2019,"2019RJF273",141.878787878788,-3.12121212121212
"2601",30,35,35,0,1,159,-6,2019,"2019RJF277",141.878787878788,-17.1212121212121
"2602",11,19,19,0,1,146,7,2019,"2019TCD014",141.878787878788,-4.12121212121212
"2603",23,34,34,0,1,144,9,2019,"2019TCD031",141.878787878788,-2.12121212121212
"2604",8,26,26,0,1,145,8,2021,"2021CLB109",146.950980392157,1.95098039215685
"2605",8,36,36,0,1,148,5,2021,"2021CLB114",146.950980392157,-1.04901960784315
"2606",8,28,28,0,1,145,8,2021,"2021CLB115",146.950980392157,1.95098039215685
"2607",9,32,32,0,1,149,4,2021,"2021CLB116",146.950980392157,-2.04901960784315
"2608",9,31,31,0,1,149,4,2021,"2021CLB117",146.950980392157,-2.04901960784315
"2609",9,18,18,0,1,135,18,2021,"2021CLB118",146.950980392157,11.9509803921569
"2610",9,31,31,0,1,146,7,2021,"2021CLB119",146.950980392157,0.95098039215685
"2611",12,32,32,0,1,142,11,2021,"2021CLB120",146.950980392157,4.95098039215685
"2612",12,29,29,0,1,143,10,2021,"2021CLB121",146.950980392157,3.95098039215685
"2613",13,19,19,0,1,137,16,2021,"2021CLB122",146.950980392157,9.95098039215685
"2614",13,30,30,0,1,147,6,2021,"2021CLB123",146.950980392157,-0.0490196078431495
"2615",14,33,33,0,1,149,4,2021,"2021CLB124",146.950980392157,-2.04901960784315
"2616",17,20,20,0,1,138,15,2021,"2021CLB125",146.950980392157,8.95098039215685
"2617",17,31,31,0,1,146,7,2021,"2021CLB127",146.950980392157,0.95098039215685
"2618",19,30,30,0,1,143,10,2021,"2021CLB128",146.950980392157,3.95098039215685
"2619",21,34,34,0,1,147,6,2021,"2021CLB130",146.950980392157,-0.0490196078431495
"2620",21,35,35,0,1,151,2,2021,"2021CLB131",146.950980392157,-4.04901960784315
"2621",21,27,27,0,1,142,11,2021,"2021CLB132",146.950980392157,4.95098039215685
"2622",21,29,29,0,1,142,11,2021,"2021CLB133",146.950980392157,4.95098039215685
"2623",22,27,27,0,1,143,10,2021,"2021CLB134",146.950980392157,3.95098039215685
"2624",8,32,32,0,1,148,5,2021,"2021JCA271",146.950980392157,-1.04901960784315
"2625",9,32,32,0,1,149,4,2021,"2021JCA288",146.950980392157,-2.04901960784315
"2626",12,34,34,0,1,152,1,2021,"2021JCA305",146.950980392157,-5.04901960784315
"2627",13,26,26,0,1,144,9,2021,"2021JCA310",146.950980392157,2.95098039215685
"2628",14,34,34,0,1,154,-1,2021,"2021JCA312",146.950980392157,-7.04901960784315
"2629",5,24,24,0,1,142,11,2021,"2021JMT434",146.950980392157,4.95098039215685
"2630",6,33,33,0,1,146,7,2021,"2021JMT493",146.950980392157,0.95098039215685
"2631",7,26,26,0,1,144,9,2021,"2021JMT529",146.950980392157,2.95098039215685
"2632",9,33,33,0,1,149,4,2021,"2021JMT572",146.950980392157,-2.04901960784315
"2633",12,34,34,0,1,152,1,2021,"2021JMT600",146.950980392157,-5.04901960784315
"2634",21,34,34,0,1,151,2,2021,"2021JMT630",146.950980392157,-4.04901960784315
"2635",8,31,31,0,1,148,5,2021,"2021LRB130",146.950980392157,-1.04901960784315
"2636",8,27,27,0,1,140,13,2021,"2021LRB131",146.950980392157,6.95098039215685
"2637",10,30,30,0,1,144,9,2021,"2021LRB132",146.950980392157,2.95098039215685
"2638",10,25,25,0,1,141,12,2021,"2021LRB134",146.950980392157,5.95098039215685
"2639",12,32,32,0,1,149,4,2021,"2021LRB136",146.950980392157,-2.04901960784315
"2640",12,23,23,0,1,142,11,2021,"2021LRB137",146.950980392157,4.95098039215685
"2641",13,33,33,0,1,144,9,2021,"2021LRB138",146.950980392157,2.95098039215685
"2642",14,36,36,0,1,153,0,2021,"2021LRB139",146.950980392157,-6.04901960784315
"2643",18,35,35,0,1,155,-2,2021,"2021LRB140",146.950980392157,-8.04901960784315
"2644",17,37,37,0,1,151,2,2021,"2021LRB143",146.950980392157,-4.04901960784315
"2645",17,35,35,0,1,145,8,2021,"2021LRB144",146.950980392157,1.95098039215685
"2646",17,26,26,0,1,144,9,2021,"2021LRB145",146.950980392157,2.95098039215685
"2647",20,23,23,0,1,141,12,2021,"2021LRB146",146.950980392157,5.95098039215685
"2648",21,31,31,0,1,145,8,2021,"2021LRB147",146.950980392157,1.95098039215685
"2649",21,33,33,0,1,142,11,2021,"2021LRB148",146.950980392157,4.95098039215685
"2650",22,32,32,0,1,149,4,2021,"2021LRB149",146.950980392157,-2.04901960784315
"2651",9,31,31,0,1,149,4,2021,"2021PJL132",146.950980392157,-2.04901960784315
"2652",10,33,33,0,1,150,3,2021,"2021PJL157",146.950980392157,-3.04901960784315
"2653",12,35,35,0,1,152,1,2021,"2021PJL162",146.950980392157,-5.04901960784315
"2654",17,29,29,0,1,144,9,2021,"2021PJL167",146.950980392157,2.95098039215685
"2655",4,25,25,0,1,144,9,2021,"2021RJF571",146.950980392157,2.95098039215685
"2656",6,28,28,0,1,146,7,2021,"2021RJF607",146.950980392157,0.95098039215685
"2657",7,30,30,0,1,147,6,2021,"2021RJF609",146.950980392157,-0.0490196078431495
"2658",7,30,30,0,1,147,6,2021,"2021RJF610",146.950980392157,-0.0490196078431495
"2659",8,30,30,0,1,145,8,2021,"2021RJF618",146.950980392157,1.95098039215685
"2660",8,28,28,0,1,148,5,2021,"2021RJF619",146.950980392157,-1.04901960784315
"2661",8,28,28,0,1,145,8,2021,"2021RJF621",146.950980392157,1.95098039215685
"2662",12,28,28,0,1,143,10,2021,"2021RJF625",146.950980392157,3.95098039215685
"2663",12,24,24,0,1,142,11,2021,"2021RJF626",146.950980392157,4.95098039215685
"2664",12,24,24,0,1,146,7,2021,"2021RJF627",146.950980392157,0.95098039215685
"2665",13,29,29,0,1,150,3,2021,"2021RJF628",146.950980392157,-3.04901960784315
"2666",13,36,36,0,1,153,0,2021,"2021RJF629",146.950980392157,-6.04901960784315
"2667",14,30,30,0,1,148,5,2021,"2021RJF631",146.950980392157,-1.04901960784315
"2668",17,23,23,0,1,141,12,2021,"2021RJF632",146.950980392157,5.95098039215685
"2669",17,32,32,0,1,148,5,2021,"2021RJF633",146.950980392157,-1.04901960784315
"2670",17,35,35,0,1,151,2,2021,"2021RJF634",146.950980392157,-4.04901960784315
"2671",17,23,23,0,1,138,15,2021,"2021RJF636",146.950980392157,8.95098039215685
"2672",17,23,23,0,1,139,14,2021,"2021RJF637",146.950980392157,7.95098039215685
"2673",17,31,31,0,1,148,5,2021,"2021RJF638",146.950980392157,-1.04901960784315
"2674",17,27,27,0,1,144,9,2021,"2021RJF639",146.950980392157,2.95098039215685
"2675",17,28,28,0,1,144,9,2021,"2021RJF640",146.950980392157,2.95098039215685
"2676",19,28,28,0,1,140,13,2021,"2021RJF641",146.950980392157,6.95098039215685
"2677",21,37,37,0,1,155,-2,2021,"2021RJF642",146.950980392157,-8.04901960784315
"2678",22,29,29,0,1,146,7,2021,"2021RJF643",146.950980392157,0.95098039215685
"2679",25,32,32,0,1,146,7,2021,"2021RJF646",146.950980392157,0.95098039215685
"2680",29,30,30,0,1,148,5,2021,"2021RJF648",146.950980392157,-1.04901960784315
"2681",6,6,26,1,1,146,7,2021,"2021CLB106",146.950980392157,0.95098039215685
"2682",7,24,25,1,1,147,6,2021,"2021CLB108",146.950980392157,-0.0490196078431495
"2683",17,21,24,1,1,138,15,2021,"2021CLB126",146.950980392157,8.95098039215685
"2684",19,19,27,1,1,146,7,2021,"2021CLB129",146.950980392157,0.95098039215685
"2685",7,7,13,1,1,147,6,2021,"2021JCA300",146.950980392157,-0.0490196078431495
"2686",12,12,27,1,1,152,1,2021,"2021JCA308",146.950980392157,-5.04901960784315
"2687",1,6,28,1,1,141,12,2021,"2021JMT308",146.950980392157,5.95098039215685
"2688",5,5,9,1,1,145,8,2021,"2021JMT412",146.950980392157,1.95098039215685
"2689",9,14,26,1,1,146,7,2021,"2021JMT582",146.950980392157,0.95098039215685
"2690",7,24,25,1,1,147,6,2021,"2021LRB128",146.950980392157,-0.0490196078431495
"2691",7,7,25,1,1,147,6,2021,"2021LRB129",146.950980392157,-0.0490196078431495
"2692",9,9,24,1,1,146,7,2021,"2021PJL148",146.950980392157,0.95098039215685
"2693",17,28,30,1,1,148,5,2021,"2021PJL169",146.950980392157,-1.04901960784315
"2694",3,3,9,1,1,143,10,2021,"2021RJF564",146.950980392157,3.95098039215685
"2695",8,8,25,1,1,148,5,2021,"2021RJF620",146.950980392157,-1.04901960784315
"2696",12,24,25,1,1,149,4,2021,"2021RJF624",146.950980392157,-2.04901960784315
"2697",13,13,24,1,1,153,0,2021,"2021RJF630",146.950980392157,-6.04901960784315
"2698",14,37,37,0,1,154,-1,2021,"2021JCA315",146.950980392157,-7.04901960784315
"2699",25,34,34,0,1,162,-9,2021,"2021JMT637",146.950980392157,-15.0490196078431
"2700",28,35,35,0,1,159,-6,2021,"2021JMT645",146.950980392157,-12.0490196078431
"2701",6,24,24,0,1,143,10,2021,"2021LRB127",146.950980392157,3.95098039215685
"2702",14,37,37,0,1,155,-2,2021,"2021LRB142",146.950980392157,-8.04901960784315
"2703",22,34,34,0,1,162,-9,2021,"2021LRB150",146.950980392157,-15.0490196078431
"2704",24,37,37,0,1,158,-5,2021,"2021LRB151",146.950980392157,-11.0490196078431
"2705",26,37,37,0,1,166,-13,2021,"2021RJF647",146.950980392157,-19.0490196078431
"2706",21,37,37,0,1,146,-13,2023,"2023AFM002",148.444444444444,2.44444444444446
"2707",23,39,39,0,1,148,-15,2023,"2023AFM003",148.444444444444,0.444444444444457
"2708",23,44,44,0,1,153,-20,2023,"2023AFM004",148.444444444444,-4.55555555555554
"2709",24,39,39,0,1,148,-15,2023,"2023AFM005",148.444444444444,0.444444444444457
"2710",24,37,40,1,1,152,-19,2023,"2023AFM006",148.444444444444,-3.55555555555554
"2711",24,39,39,0,1,148,-15,2023,"2023AFM007",148.444444444444,0.444444444444457
"2712",24,37,37,0,1,146,-13,2023,"2023AFM008",148.444444444444,2.44444444444446
"2713",24,35,35,0,1,144,-11,2023,"2023AFM009",148.444444444444,4.44444444444446
"2714",29,29,33,1,1,142,-9,2023,"2023AFM010",148.444444444444,6.44444444444446
"2715",29,37,41,1,1,149,-16,2023,"2023AFM011",148.444444444444,-0.555555555555543
"2716",31,51,51,0,1,160,-27,2023,"2023AFM012",148.444444444444,-11.5555555555555
"2717",31,45,45,0,1,154,-21,2023,"2023AFM013",148.444444444444,-5.55555555555554
"2718",31,35,35,0,1,144,-11,2023,"2023AFM014",148.444444444444,4.44444444444446
"2719",33,45,45,0,1,154,-21,2023,"2023AFM015",148.444444444444,-5.55555555555554
"2720",21,21,41,1,1,150,-17,2024,"2024AFM101",154.051724137931,4.05172413793105
"2721",25,49,49,0,1,158,-25,2024,"2024AFM102",154.051724137931,-3.94827586206895
"2722",25,42,42,0,1,151,-18,2024,"2024AFM103",154.051724137931,3.05172413793105
"2723",26,43,43,0,1,152,-19,2024,"2024AFM104",154.051724137931,2.05172413793105
"2724",27,47,47,0,1,156,-23,2024,"2024AFM105",154.051724137931,-1.94827586206895
"2725",28,46,46,0,1,155,-22,2024,"2024AFM106",154.051724137931,-0.948275862068954
"2726",28,38,38,0,1,147,-14,2024,"2024AFM107",154.051724137931,7.05172413793105
"2727",28,41,41,0,1,150,-17,2024,"2024AFM108",154.051724137931,4.05172413793105
"2728",29,36,36,0,1,145,-12,2024,"2024AFM109",154.051724137931,9.05172413793105
"2729",31,39,39,0,1,148,-15,2024,"2024AFM110",154.051724137931,6.05172413793105
"2730",33,46,46,0,1,155,-22,2024,"2024AFM111",154.051724137931,-0.948275862068954
"2731",33,44,44,0,1,153,-20,2024,"2024AFM112",154.051724137931,1.05172413793105
"2732",36,39,39,0,1,148,-15,2024,"2024AFM113",154.051724137931,6.05172413793105
"2733",38,62,62,0,1,171,-38,2024,"2024AFM114",154.051724137931,-16.948275862069
"2734",38,50,50,0,1,159,-26,2024,"2024AFM115",154.051724137931,-4.94827586206895
"2735",10,10,17,1,1,141,-8,2025,"2025AFM201",145,4
"2736",10,34,34,0,1,143,-10,2025,"2025AFM202",145,2
"2737",23,27,27,0,1,136,-3,2025,"2025AFM207",145,9
"2738",24,32,32,0,1,141,-8,2025,"2025AFM208",145,4
"2739",24,34,34,1,1,146,-13,2025,"2025AFM209",145,-1
"2740",26,38,38,0,1,147,-14,2025,"2025AFM210",145,-2
"2741",29,29,30,1,1,151,-18,2025,"2025AFM211",145,-6
"2742",30,29,31,1,1,152,-19,2025,"2025AFM212",145,-7
"2743",19,41,41,0,1,150,-17,2026,"2026AJL017",146.8125,-3.1875
"2744",12,12,13,1,1,143,-10,2022,"2022AWG037",148.842105263158,5.84210526315789
"2745",20,43,43,0,1,152,-19,2022,"2022AWG043",148.842105263158,-3.15789473684211
"2746",20,39,39,0,1,148,-15,2022,"2022AWG044",148.842105263158,0.84210526315789
"2747",24,24,25,1,1,153,-20,2022,"2022AWG046",148.842105263158,-4.15789473684211
"2748",28,41,41,0,1,150,-17,2022,"2022BLD720",148.842105263158,-1.15789473684211
"2749",33,36,36,0,1,145,-12,2022,"2022BLD721",148.842105263158,3.84210526315789
"2750",23,40,40,0,1,149,-16,2024,"2024CIC030",154.051724137931,5.05172413793105
"2751",23,44,44,0,1,153,-20,2024,"2024CIC032",154.051724137931,1.05172413793105
"2752",23,43,43,0,1,152,-19,2024,"2024CIC033",154.051724137931,2.05172413793105
"2753",26,43,43,0,1,152,-19,2024,"2024CIC040",154.051724137931,2.05172413793105
"2754",26,26,33,1,1,156,-23,2024,"2024CIC043",154.051724137931,-1.94827586206895
"2755",27,43,43,0,1,152,-19,2024,"2024CIC048",154.051724137931,2.05172413793105
"2756",29,45,45,0,1,154,-21,2024,"2024CIC054",154.051724137931,0.0517241379310462
"2757",30,30,47,1,1,151,-18,2024,"2024CIC056",154.051724137931,3.05172413793105
"2758",30,45,45,0,1,154,-21,2024,"2024CIC058",154.051724137931,0.0517241379310462
"2759",30,47,47,0,1,156,-23,2024,"2024CIC060",154.051724137931,-1.94827586206895
"2760",12,22,26,1,1,143,-10,2025,"2025CIC120",145,2
"2761",11,32,32,0,1,141,-8,2025,"2025CJP027",145,4
"2762",13,13,23,1,1,143,-10,2025,"2025CJP050",145,2
"2763",23,23,26,1,1,153,-20,2025,"2025CJP065",145,-8
"2764",23,31,31,0,1,140,-7,2025,"2025CJP066",145,5
"2765",14,14,34,1,1,145,-12,2021,"2021CLB106",146.950980392157,1.95098039215685
"2766",15,32,33,1,1,146,-13,2021,"2021CLB108",146.950980392157,0.95098039215685
"2767",16,34,34,0,1,143,-10,2021,"2021CLB109",146.950980392157,3.95098039215685
"2768",16,44,44,0,1,153,-20,2021,"2021CLB114",146.950980392157,-6.04901960784315
"2769",16,36,36,0,1,145,-12,2021,"2021CLB115",146.950980392157,1.95098039215685
"2770",17,40,40,0,1,149,-16,2021,"2021CLB116",146.950980392157,-2.04901960784315
"2771",17,39,39,0,1,148,-15,2021,"2021CLB117",146.950980392157,-1.04901960784315
"2772",17,26,26,0,1,135,-2,2021,"2021CLB118",146.950980392157,11.9509803921569
"2773",17,39,39,0,1,148,-15,2021,"2021CLB119",146.950980392157,-1.04901960784315
"2774",20,40,40,0,1,149,-16,2021,"2021CLB120",146.950980392157,-2.04901960784315
"2775",20,37,37,0,1,146,-13,2021,"2021CLB121",146.950980392157,0.95098039215685
"2776",21,27,27,0,1,136,-3,2021,"2021CLB122",146.950980392157,10.9509803921569
"2777",21,38,38,0,1,147,-14,2021,"2021CLB123",146.950980392157,-0.0490196078431495
"2778",22,41,41,0,1,150,-17,2021,"2021CLB124",146.950980392157,-3.04901960784315
"2779",25,28,28,0,1,137,-4,2021,"2021CLB125",146.950980392157,9.95098039215685
"2780",25,29,32,1,1,137,-4,2021,"2021CLB126",146.950980392157,9.95098039215685
"2781",25,39,39,0,1,148,-15,2021,"2021CLB127",146.950980392157,-1.04901960784315
"2782",27,38,38,0,1,147,-14,2021,"2021CLB128",146.950980392157,-0.0490196078431495
"2783",27,27,35,1,1,145,-12,2021,"2021CLB129",146.950980392157,1.95098039215685
"2784",29,42,42,0,1,151,-18,2021,"2021CLB130",146.950980392157,-4.04901960784315
"2785",29,43,43,0,1,152,-19,2021,"2021CLB131",146.950980392157,-5.04901960784315
"2786",29,35,35,0,1,144,-11,2021,"2021CLB132",146.950980392157,2.95098039215685
"2787",29,37,37,0,1,146,-13,2021,"2021CLB133",146.950980392157,0.95098039215685
"2788",30,35,35,0,1,144,-11,2021,"2021CLB134",146.950980392157,2.95098039215685
"2789",38,38,58,1,1,167,-34,2024,"2024DJR001",154.051724137931,-12.948275862069
"2790",21,35,35,0,1,144,-11,2023,"2023DJR001",148.444444444444,4.44444444444446
"2791",22,37,37,0,1,146,-13,2023,"2023DJR002",148.444444444444,2.44444444444446
"2792",22,22,34,1,1,137,-4,2023,"2023DJR003",148.444444444444,11.4444444444445
"2793",23,36,36,0,1,145,-12,2023,"2023DJR004",148.444444444444,3.44444444444446
"2794",23,47,47,0,1,156,-23,2023,"2023DJR005",148.444444444444,-7.55555555555554
"2795",16,38,38,0,1,147,-14,2026,"2026DJR009",146.8125,-0.1875
"2796",35,44,44,0,1,153,-20,2023,"2023DJR010",148.444444444444,-4.55555555555554
"2797",17,39,39,0,1,148,-15,2026,"2026DJR027",146.8125,-1.1875
"2798",15,20,32,1,1,147,-14,2026,"2026ERH022",146.8125,-0.1875
"2799",15,35,35,0,1,144,-11,2026,"2026ERH027",146.8125,2.8125
"2800",17,38,38,0,1,147,-14,2026,"2026ERH037",146.8125,-0.1875
"2801",20,42,42,0,1,151,-18,2024,"2024EWH013",154.051724137931,3.05172413793105
"2802",21,44,44,0,1,153,-20,2024,"2024EWH024",154.051724137931,1.05172413793105
"2803",25,47,47,0,1,156,-23,2024,"2024EWH033",154.051724137931,-1.94827586206895
"2804",26,43,43,0,1,152,-19,2024,"2024EWH036",154.051724137931,2.05172413793105
"2805",29,39,47,1,1,150,-17,2024,"2024EWH050",154.051724137931,4.05172413793105
"2806",30,39,39,0,1,148,-15,2024,"2024EWH051",154.051724137931,6.05172413793105
"2807",30,48,48,0,1,157,-24,2024,"2024EWH053",154.051724137931,-2.94827586206895
"2808",32,50,50,0,1,159,-26,2024,"2024EWH055",154.051724137931,-4.94827586206895
"2809",37,59,59,0,1,168,-35,2024,"2024EWH056",154.051724137931,-13.948275862069
"2810",9,23,39,1,1,138,-5,2025,"2025EWH114",145,7
"2811",36,40,40,0,1,149,-16,2025,"2025EWH155",145,-4
"2812",36,42,42,0,1,151,-18,2025,"2025EWH156",145,-6
"2813",9,9,17,1,1,140,-7,2026,"2026FLF002",146.8125,6.8125
"2814",15,38,38,0,1,147,-14,2026,"2026FLF054",146.8125,-0.1875
"2815",16,38,38,0,1,147,-14,2026,"2026FLF073",146.8125,-0.1875
"2816",25,39,39,0,1,148,-15,2026,"2026FLF110",146.8125,-1.1875
"2817",15,36,36,0,1,145,-12,2026,"2026HLV021",146.8125,1.8125
"2818",15,39,39,0,1,148,-15,2026,"2026HLV025",146.8125,-1.1875
"2819",16,36,36,0,1,145,-12,2026,"2026HLV027",146.8125,1.8125
"2820",16,40,40,0,1,149,-16,2021,"2021JCA271",146.950980392157,-2.04901960784315
"2821",17,40,40,0,1,149,-16,2021,"2021JCA288",146.950980392157,-2.04901960784315
"2822",15,15,21,1,1,146,-13,2021,"2021JCA300",146.950980392157,0.95098039215685
"2823",20,42,42,0,1,151,-18,2021,"2021JCA305",146.950980392157,-4.04901960784315
"2824",20,20,35,1,1,154,-21,2021,"2021JCA308",146.950980392157,-7.04901960784315
"2825",21,34,34,0,1,143,-10,2021,"2021JCA310",146.950980392157,3.95098039215685
"2826",22,42,42,0,1,151,-18,2021,"2021JCA312",146.950980392157,-4.04901960784315
"2827",22,45,45,0,1,154,-21,2021,"2021JCA315",146.950980392157,-7.04901960784315
"2828",19,43,43,0,1,152,-19,2022,"2022JCS048",148.842105263158,-3.15789473684211
"2829",19,35,35,0,1,144,-11,2022,"2022JCS049",148.842105263158,4.84210526315789
"2830",14,17,18,1,1,145,-12,2022,"2022JCS051",148.842105263158,3.84210526315789
"2831",10,10,17,1,1,141,-8,2023,"2023JDD003",148.444444444444,7.44444444444446
"2832",10,10,17,1,1,140,-7,2023,"2023JDD004",148.444444444444,8.44444444444446
"2833",14,37,37,0,1,146,-13,2023,"2023JDD029",148.444444444444,2.44444444444446
"2834",14,14,31,1,1,145,-12,2023,"2023JDD038",148.444444444444,3.44444444444446
"2835",15,34,38,1,1,144,-11,2023,"2023JDD050",148.444444444444,4.44444444444446
"2836",17,17,31,1,1,148,-15,2023,"2023JDD067",148.444444444444,0.444444444444457
"2837",17,39,39,0,1,148,-15,2023,"2023JDD074",148.444444444444,0.444444444444457
"2838",20,39,39,0,1,148,-15,2023,"2023JDD081",148.444444444444,0.444444444444457
"2839",22,32,32,0,1,141,-8,2023,"2023JDD090",148.444444444444,7.44444444444446
"2840",36,40,40,0,1,149,-16,2023,"2023JDD097",148.444444444444,-0.555555555555543
"2841",9,14,36,1,1,145,-12,2021,"2021JMT308",146.950980392157,1.95098039215685
"2842",13,13,17,1,1,144,-11,2021,"2021JMT412",146.950980392157,2.95098039215685
"2843",13,32,32,0,1,141,-8,2021,"2021JMT434",146.950980392157,5.95098039215685
"2844",14,41,41,0,1,150,-17,2021,"2021JMT493",146.950980392157,-3.04901960784315
"2845",15,34,34,0,1,143,-10,2021,"2021JMT529",146.950980392157,3.95098039215685
"2846",17,41,41,0,1,150,-17,2021,"2021JMT572",146.950980392157,-3.04901960784315
"2847",17,22,34,1,1,146,-13,2021,"2021JMT582",146.950980392157,0.95098039215685
"2848",20,42,42,0,1,151,-18,2021,"2021JMT600",146.950980392157,-4.04901960784315
"2849",29,42,42,0,1,151,-18,2021,"2021JMT630",146.950980392157,-4.04901960784315
"2850",33,42,42,0,1,151,-18,2021,"2021JMT637",146.950980392157,-4.04901960784315
"2851",36,43,43,0,1,152,-19,2021,"2021JMT645",146.950980392157,-5.04901960784315
"2852",28,46,46,0,1,155,-22,2024,"2024LAH002",154.051724137931,-0.948275862068954
"2853",30,49,49,0,1,158,-25,2024,"2024LAH003",154.051724137931,-3.94827586206895
"2854",36,52,52,0,1,161,-28,2024,"2024LAH006",154.051724137931,-6.94827586206895
"2855",36,39,60,1,1,161,-28,2024,"2024LAH007",154.051724137931,-6.94827586206895
"2856",41,43,43,0,1,152,-19,2024,"2024LAH008",154.051724137931,2.05172413793105
"2857",11,13,14,1,1,145,-12,2022,"2022LLK001",148.842105263158,3.84210526315789
"2858",24,25,26,1,1,146,-13,2022,"2022LLK004",148.842105263158,2.84210526315789
"2859",25,25,43,1,1,147,-14,2022,"2022LLK005",148.842105263158,1.84210526315789
"2860",29,30,31,1,1,160,-27,2022,"2022LLK006",148.842105263158,-11.1578947368421
"2861",22,41,41,0,1,149,-16,2023,"2023LLK201",148.444444444444,-0.555555555555543
"2862",22,37,37,0,1,146,-13,2023,"2023LLK202",148.444444444444,2.44444444444446
"2863",22,37,37,0,1,146,-13,2023,"2023LLK203",148.444444444444,2.44444444444446
"2864",23,46,46,0,1,155,-22,2023,"2023LLK204",148.444444444444,-6.55555555555554
"2865",23,35,35,0,1,144,-11,2023,"2023LLK205",148.444444444444,4.44444444444446
"2866",24,24,27,1,1,155,-22,2023,"2023LLK206",148.444444444444,-6.55555555555554
"2867",24,44,44,0,1,153,-20,2023,"2023LLK207",148.444444444444,-4.55555555555554
"2868",24,44,44,0,1,153,-20,2023,"2023LLK208",148.444444444444,-4.55555555555554
"2869",27,44,44,0,1,153,-20,2023,"2023LLK210",148.444444444444,-4.55555555555554
"2870",28,37,37,0,1,146,-13,2023,"2023LLK211",148.444444444444,2.44444444444446
"2871",28,28,30,1,1,141,-8,2023,"2023LLK212",148.444444444444,7.44444444444446
"2872",28,44,44,0,1,153,-20,2023,"2023LLK213",148.444444444444,-4.55555555555554
"2873",30,41,41,0,1,150,-17,2023,"2023LLK214",148.444444444444,-1.55555555555554
"2874",30,41,41,0,1,150,-17,2023,"2023LLK215",148.444444444444,-1.55555555555554
"2875",31,38,38,0,1,147,-14,2023,"2023LLK216",148.444444444444,1.44444444444446
"2876",31,45,45,0,1,154,-21,2023,"2023LLK217",148.444444444444,-5.55555555555554
"2877",33,35,35,0,1,144,-11,2023,"2023LLK218",148.444444444444,4.44444444444446
"2878",37,40,40,0,1,149,-16,2023,"2023LLK220",148.444444444444,-0.555555555555543
"2879",38,39,39,0,1,148,-15,2023,"2023LLK221",148.444444444444,0.444444444444457
"2880",44,48,48,0,1,157,-24,2023,"2023LLK222",148.444444444444,-8.55555555555554
"2881",44,47,47,0,1,156,-23,2023,"2023LLK223",148.444444444444,-7.55555555555554
"2882",14,32,32,0,1,141,-8,2021,"2021LRB127",146.950980392157,5.95098039215685
"2883",15,32,33,1,1,146,-13,2021,"2021LRB128",146.950980392157,0.95098039215685
"2884",15,15,33,1,1,146,-13,2021,"2021LRB129",146.950980392157,0.95098039215685
"2885",16,39,39,0,1,148,-15,2021,"2021LRB130",146.950980392157,-1.04901960784315
"2886",16,35,35,0,1,144,-11,2021,"2021LRB131",146.950980392157,2.95098039215685
"2887",18,38,38,0,1,147,-14,2021,"2021LRB132",146.950980392157,-0.0490196078431495
"2888",18,33,33,0,1,142,-9,2021,"2021LRB134",146.950980392157,4.95098039215685
"2889",20,40,40,0,1,149,-16,2021,"2021LRB136",146.950980392157,-2.04901960784315
"2890",20,31,31,0,1,140,-7,2021,"2021LRB137",146.950980392157,6.95098039215685
"2891",21,41,41,0,1,150,-17,2021,"2021LRB138",146.950980392157,-3.04901960784315
"2892",22,44,44,0,1,153,-20,2021,"2021LRB139",146.950980392157,-6.04901960784315
"2893",26,43,43,0,1,152,-19,2021,"2021LRB140",146.950980392157,-5.04901960784315
"2894",22,45,45,0,1,154,-21,2021,"2021LRB142",146.950980392157,-7.04901960784315
"2895",25,45,45,0,1,154,-21,2021,"2021LRB143",146.950980392157,-7.04901960784315
"2896",25,43,43,0,1,152,-19,2021,"2021LRB144",146.950980392157,-5.04901960784315
"2897",25,34,34,0,1,143,-10,2021,"2021LRB145",146.950980392157,3.95098039215685
"2898",28,31,31,0,1,140,-7,2021,"2021LRB146",146.950980392157,6.95098039215685
"2899",29,39,39,0,1,148,-15,2021,"2021LRB147",146.950980392157,-1.04901960784315
"2900",29,41,41,0,1,150,-17,2021,"2021LRB148",146.950980392157,-3.04901960784315
"2901",30,40,40,0,1,149,-16,2021,"2021LRB149",146.950980392157,-2.04901960784315
"2902",30,42,42,0,1,151,-18,2021,"2021LRB150",146.950980392157,-4.04901960784315
"2903",32,45,45,0,1,154,-21,2021,"2021LRB151",146.950980392157,-7.04901960784315
"2904",16,16,21,1,1,149,-16,2022,"2022LRB201",148.842105263158,-0.15789473684211
"2905",20,36,37,1,1,149,-16,2022,"2022LRB202",148.842105263158,-0.15789473684211
"2906",20,20,21,1,1,152,-19,2022,"2022LRB203",148.842105263158,-3.15789473684211
"2907",21,29,30,1,1,150,-17,2022,"2022LRB204",148.842105263158,-1.15789473684211
"2908",22,40,40,0,1,149,-16,2022,"2022LRB205",148.842105263158,-0.15789473684211
"2909",26,26,27,1,1,146,-13,2022,"2022LRB206",148.842105263158,2.84210526315789
"2910",26,38,38,0,1,147,-14,2022,"2022LRB207",148.842105263158,1.84210526315789
"2911",27,37,38,1,1,145,-12,2022,"2022LRB208",148.842105263158,3.84210526315789
"2912",37,42,43,1,1,168,-35,2022,"2022LRB209",148.842105263158,-19.1578947368421
"2913",38,43,43,0,1,152,-19,2022,"2022LRB210",148.842105263158,-3.15789473684211
"2914",16,37,37,0,1,146,-13,2026,"2026LRS011",146.8125,0.8125
"2915",21,43,43,0,1,152,-19,2026,"2026LRS022",146.8125,-5.1875
"2916",22,39,40,1,1,151,-18,2026,"2026LRS050",146.8125,-4.1875
"2917",24,35,35,0,1,144,-11,2026,"2026LRS057",146.8125,2.8125
"2918",41,44,44,0,1,153,-20,2026,"2026LRS078",146.8125,-6.1875
"2919",10,31,31,0,1,140,-7,2025,"2025LSW008",145,5
"2920",11,19,26,1,1,141,-8,2025,"2025LSW016",145,4
"2921",23,34,40,1,1,147,-14,2025,"2025LSW043",145,-2
"2922",25,25,30,1,1,156,-23,2025,"2025LSW044",145,-11
"2923",12,13,14,1,1,142,-9,2022,"2022MAM026",148.842105263158,6.84210526315789
"2924",15,37,37,0,1,146,-13,2022,"2022MAM030",148.842105263158,2.84210526315789
"2925",18,22,23,1,1,149,-16,2022,"2022MAM031",148.842105263158,-0.15789473684211
"2926",23,24,25,1,1,144,-11,2022,"2022MAM036",148.842105263158,4.84210526315789
"2927",24,44,44,0,1,153,-20,2022,"2022MAM043",148.842105263158,-4.15789473684211
"2928",37,44,44,0,1,153,-20,2022,"2022MAM045",148.842105263158,-4.15789473684211
"2929",12,12,31,1,1,143,-10,2023,"2023MAM105",148.444444444444,5.44444444444446
"2930",17,37,37,0,1,146,-13,2023,"2023MAM137",148.444444444444,2.44444444444446
"2931",19,19,30,1,1,146,-13,2023,"2023MAM148",148.444444444444,2.44444444444446
"2932",19,40,40,0,1,149,-16,2023,"2023MAM152",148.444444444444,-0.555555555555543
"2933",20,20,30,1,1,151,-18,2023,"2023MAM155",148.444444444444,-2.55555555555554
"2934",22,38,38,0,1,147,-14,2023,"2023MAM163",148.444444444444,1.44444444444446
"2935",22,22,31,1,1,144,-11,2023,"2023MAM165",148.444444444444,4.44444444444446
"2936",22,22,24,1,1,153,-20,2023,"2023MAM169",148.444444444444,-4.55555555555554
"2937",28,45,49,1,1,158,-25,2023,"2023MAM172",148.444444444444,-9.55555555555554
"2938",29,36,36,0,1,145,-12,2023,"2023MAM173",148.444444444444,3.44444444444446
"2939",32,42,42,0,1,151,-18,2023,"2023MAM176",148.444444444444,-2.55555555555554
"2940",36,45,45,0,1,154,-21,2023,"2023MAM177",148.444444444444,-5.55555555555554
"2941",39,45,45,0,1,154,-21,2023,"2023MAM178",148.444444444444,-5.55555555555554
"2942",24,29,30,1,1,141,-8,2025,"2025MAM308",145,4
"2943",26,38,42,1,1,150,-17,2025,"2025MAM309",145,-5
"2944",10,10,27,1,1,141,-8,2023,"2023NSL003",148.444444444444,7.44444444444446
"2945",15,31,34,1,1,144,-11,2023,"2023NSL028",148.444444444444,4.44444444444446
"2946",17,37,37,0,1,146,-13,2023,"2023NSL032",148.444444444444,2.44444444444446
"2947",19,36,40,1,1,148,-15,2023,"2023NSL039",148.444444444444,0.444444444444457
"2948",22,22,38,1,1,144,-11,2023,"2023NSL047",148.444444444444,4.44444444444446
"2949",22,40,40,0,1,149,-16,2023,"2023NSL048",148.444444444444,-0.555555555555543
"2950",15,40,40,0,1,149,-16,2024,"2024NSL102",154.051724137931,5.05172413793105
"2951",18,18,43,1,1,148,-15,2024,"2024NSL110",154.051724137931,6.05172413793105
"2952",31,50,50,0,1,159,-26,2024,"2024NSL172",154.051724137931,-4.94827586206895
"2953",20,42,42,0,1,151,-18,2024,"2024NWR020",154.051724137931,3.05172413793105
"2954",20,41,41,0,1,150,-17,2024,"2024NWR026",154.051724137931,4.05172413793105
"2955",23,23,33,1,1,145,-12,2024,"2024NWR041",154.051724137931,9.05172413793105
"2956",25,42,42,0,1,151,-18,2024,"2024NWR049",154.051724137931,3.05172413793105
"2957",30,49,49,0,1,158,-25,2024,"2024NWR073",154.051724137931,-3.94827586206895
"2958",31,51,51,0,1,160,-27,2024,"2024NWR077",154.051724137931,-5.94827586206895
"2959",33,33,53,1,1,155,-22,2024,"2024NWR080",154.051724137931,-0.948275862068954
"2960",17,39,39,0,1,148,-15,2021,"2021PJL132",146.950980392157,-1.04901960784315
"2961",17,17,32,1,1,147,-14,2021,"2021PJL148",146.950980392157,-0.0490196078431495
"2962",18,41,41,0,1,150,-17,2021,"2021PJL157",146.950980392157,-3.04901960784315
"2963",20,43,43,0,1,152,-19,2021,"2021PJL162",146.950980392157,-5.04901960784315
"2964",25,37,37,0,1,146,-13,2021,"2021PJL167",146.950980392157,0.95098039215685
"2965",25,36,38,1,1,146,-13,2021,"2021PJL169",146.950980392157,0.95098039215685
"2966",8,14,15,1,1,127,6,2022,"2022PJL208",148.842105263158,21.8421052631579
"2967",19,35,36,1,1,145,-12,2022,"2022PJL238",148.842105263158,3.84210526315789
"2968",23,25,26,1,1,154,-21,2022,"2022PJL240",148.842105263158,-5.15789473684211
"2969",23,38,39,1,1,154,-21,2022,"2022PJL241",148.842105263158,-5.15789473684211
"2970",24,24,25,1,1,149,-16,2022,"2022PJL243",148.842105263158,-0.15789473684211
"2971",15,38,38,0,1,147,-14,2026,"2026RBK022",146.8125,-0.1875
"2972",12,32,32,0,1,141,-8,2026,"2026RJF007",146.8125,5.8125
"2973",13,34,34,0,1,143,-10,2026,"2026RJF013",146.8125,3.8125
"2974",14,38,38,0,1,147,-14,2026,"2026RJF019",146.8125,-0.1875
"2975",15,38,38,0,1,147,-14,2026,"2026RJF027",146.8125,-0.1875
"2976",18,32,32,0,1,141,-8,2026,"2026RJF034",146.8125,5.8125
"2977",11,11,17,1,1,142,-9,2021,"2021RJF564",146.950980392157,4.95098039215685
"2978",12,33,33,0,1,142,-9,2021,"2021RJF571",146.950980392157,4.95098039215685
"2979",14,36,36,0,1,145,-12,2021,"2021RJF607",146.950980392157,1.95098039215685
"2980",15,38,38,0,1,147,-14,2021,"2021RJF609",146.950980392157,-0.0490196078431495
"2981",15,38,38,0,1,147,-14,2021,"2021RJF610",146.950980392157,-0.0490196078431495
"2982",16,38,38,0,1,147,-14,2021,"2021RJF618",146.950980392157,-0.0490196078431495
"2983",16,36,36,0,1,145,-12,2021,"2021RJF619",146.950980392157,1.95098039215685
"2984",16,16,33,1,1,147,-14,2021,"2021RJF620",146.950980392157,-0.0490196078431495
"2985",16,36,36,0,1,145,-12,2021,"2021RJF621",146.950980392157,1.95098039215685
"2986",20,32,33,1,1,150,-17,2021,"2021RJF624",146.950980392157,-3.04901960784315
"2987",20,36,36,0,1,145,-12,2021,"2021RJF625",146.950980392157,1.95098039215685
"2988",20,32,32,0,1,141,-8,2021,"2021RJF626",146.950980392157,5.95098039215685
"2989",20,32,32,0,1,141,-8,2021,"2021RJF627",146.950980392157,5.95098039215685
"2990",21,37,37,0,1,146,-13,2021,"2021RJF628",146.950980392157,0.95098039215685
"2991",21,44,44,0,1,153,-20,2021,"2021RJF629",146.950980392157,-6.04901960784315
"2992",21,21,32,1,1,155,-22,2021,"2021RJF630",146.950980392157,-8.04901960784315
"2993",22,38,38,0,1,147,-14,2021,"2021RJF631",146.950980392157,-0.0490196078431495
"2994",25,31,31,0,1,140,-7,2021,"2021RJF632",146.950980392157,6.95098039215685
"2995",25,40,40,0,1,149,-16,2021,"2021RJF633",146.950980392157,-2.04901960784315
"2996",25,43,43,0,1,152,-19,2021,"2021RJF634",146.950980392157,-5.04901960784315
"2997",25,31,31,0,1,140,-7,2021,"2021RJF636",146.950980392157,6.95098039215685
"2998",25,31,31,0,1,140,-7,2021,"2021RJF637",146.950980392157,6.95098039215685
"2999",25,39,39,0,1,148,-15,2021,"2021RJF638",146.950980392157,-1.04901960784315
"3000",25,35,35,0,1,144,-11,2021,"2021RJF639",146.950980392157,2.95098039215685
"3001",25,36,36,0,1,145,-12,2021,"2021RJF640",146.950980392157,1.95098039215685
"3002",27,36,36,0,1,145,-12,2021,"2021RJF641",146.950980392157,1.95098039215685
"3003",29,45,45,0,1,154,-21,2021,"2021RJF642",146.950980392157,-7.04901960784315
"3004",30,37,37,0,1,146,-13,2021,"2021RJF643",146.950980392157,0.95098039215685
"3005",33,40,40,0,1,149,-16,2021,"2021RJF646",146.950980392157,-2.04901960784315
"3006",34,45,45,0,1,154,-21,2021,"2021RJF647",146.950980392157,-7.04901960784315
"3007",37,38,38,0,1,147,-14,2021,"2021RJF648",146.950980392157,-0.0490196078431495
"3008",19,39,39,0,1,148,-15,2026,"2026SAH026",146.8125,-1.1875
"3009",19,38,39,1,1,146,-13,2026,"2026SAH027",146.8125,0.8125
"3010",23,42,42,0,1,151,-18,2026,"2026SAH035",146.8125,-4.1875
"3011",24,27,28,1,1,140,-7,2026,"2026SAH038",146.8125,6.8125
"3012",24,40,40,0,1,149,-16,2026,"2026SAH043",146.8125,-2.1875
"3013",24,43,43,0,1,152,-19,2026,"2026SAH044",146.8125,-5.1875
"3014",32,38,38,0,1,147,-14,2026,"2026SAH050",146.8125,-0.1875
"3015",38,41,41,0,1,150,-17,2026,"2026SAH065",146.8125,-3.1875
"3016",26,26,42,1,1,151,-18,2024,"2024SJZ001",154.051724137931,3.05172413793105
"3017",28,45,45,0,1,154,-21,2024,"2024SJZ002",154.051724137931,0.0517241379310462
"3018",30,45,45,0,1,154,-21,2024,"2024SJZ003",154.051724137931,0.0517241379310462
"3019",31,31,43,1,1,146,-13,2024,"2024SJZ004",154.051724137931,8.05172413793105
"3020",32,48,48,0,1,157,-24,2024,"2024SJZ005",154.051724137931,-2.94827586206895
"3021",34,42,42,0,1,151,-18,2024,"2024SJZ006",154.051724137931,3.05172413793105
"3022",35,47,47,0,1,156,-23,2024,"2024SJZ007",154.051724137931,-1.94827586206895
"3023",37,56,56,0,1,165,-32,2024,"2024SJZ008",154.051724137931,-10.948275862069
"3024",15,15,16,1,1,146,-13,2022,"2022TDM001",148.842105263158,2.84210526315789
"3025",15,15,16,1,1,145,-12,2022,"2022TDM002",148.842105263158,3.84210526315789
"3026",28,43,43,0,1,152,-19,2022,"2022TDM005",148.842105263158,-3.15789473684211
"3027",31,32,33,1,1,160,-27,2022,"2022TDM006",148.842105263158,-11.1578947368421
"3028",21,40,40,0,1,149,-16,2023,"2023THK001",148.444444444444,-0.555555555555543
"3029",23,39,39,0,1,148,-15,2023,"2023THK002",148.444444444444,0.444444444444457
"3030",23,35,35,0,1,144,-11,2023,"2023THK003",148.444444444444,4.44444444444446
"3031",24,37,37,0,1,146,-13,2023,"2023THK004",148.444444444444,2.44444444444446
"3032",24,40,40,0,1,149,-16,2023,"2023THK005",148.444444444444,-0.555555555555543
"3033",26,26,31,1,1,144,-11,2023,"2023THK006",148.444444444444,4.44444444444446
"3034",28,38,38,0,1,147,-14,2023,"2023THK007",148.444444444444,1.44444444444446
"3035",29,44,44,0,1,153,-20,2023,"2023THK008",148.444444444444,-4.55555555555554
"3036",30,37,37,0,1,146,-13,2023,"2023THK009",148.444444444444,2.44444444444446
"3037",35,50,50,0,1,159,-26,2023,"2023THK011",148.444444444444,-10.5555555555555
"3038",35,49,49,0,1,158,-25,2023,"2023THK012",148.444444444444,-9.55555555555554
